"team_id","team_name","conference_id","conference","div","yr"
"504371","Boston College","821","ACC",1,2020
"504401","Clemson","821","ACC",1,2020
"504420","Duke","821","ACC",1,2020
"504434","Florida St.","821","ACC",1,2020
"504443","Georgia Tech","821","ACC",1,2020
"504483","Louisville","821","ACC",1,2020
"504498","Miami (FL)","821","ACC",1,2020
"504531","NC State","821","ACC",1,2020
"504513","North Carolina","821","ACC",1,2020
"504544","Notre Dame","821","ACC",1,2020
"504557","Pittsburgh","821","ACC",1,2020
"504275","Syracuse","821","ACC",1,2020
"504304","Virginia","821","ACC",1,2020
"504303","Virginia Tech","821","ACC",1,2020
"504305","Wake Forest","821","ACC",1,2020
"504619","Bellarmine","920","ASUN",1,2020
"504344","FGCU","920","ASUN",1,2020
"504469","Jacksonville","920","ASUN",1,2020
"504330","Kennesaw St.","920","ASUN",1,2020
"504479","Liberty","920","ASUN",1,2020
"504343","Lipscomb","920","ASUN",1,2020
"504346","North Ala.","920","ASUN",1,2020
"504336","North Florida","920","ASUN",1,2020
"504273","Stetson","920","ASUN",1,2020
"504369","Binghamton","845","America East",1,2020
"504448","Hartford","845","America East",1,2020
"504522","NJIT","845","America East",1,2020
"504521","New Hampshire","845","America East",1,2020
"504274","Stony Brook","845","America East",1,2020
"504354","UAlbany","845","America East",1,2020
"504491","UMBC","845","America East",1,2020
"504399","Cincinnati","823","American",1,2020
"504422","East Carolina","823","American",1,2020
"504454","Houston","823","American",1,2020
"504495","Memphis","823","American",1,2020
"504598","SMU","823","American",1,2020
"504592","South Fla.","823","American",1,2020
"504276","Temple","823","American",1,2020
"504293","Tulane","823","American",1,2020
"504294","Tulsa","823","American",1,2020
"504396","UCF","823","American",1,2020
"504314","Wichita St.","823","American",1,2020
"504413","Davidson","820","Atlantic 10",1,2020
"504414","Dayton","820","Atlantic 10",1,2020
"504421","Duquesne","820","Atlantic 10",1,2020
"504436","Fordham","820","Atlantic 10",1,2020
"504438","George Mason","820","Atlantic 10",1,2020
"504439","George Washington","820","Atlantic 10",1,2020
"504475","La Salle","820","Atlantic 10",1,2020
"504566","Rhode Island","820","Atlantic 10",1,2020
"504575","Saint Louis","820","Atlantic 10",1,2020
"504302","VCU","820","Atlantic 10",1,2020
"504367","Baylor","25354","Big 12",1,2020
"504465","Iowa St.","25354","Big 12",1,2020
"504472","Kansas","25354","Big 12",1,2020
"504471","Kansas St.","25354","Big 12",1,2020
"504548","Oklahoma","25354","Big 12",1,2020
"504283","TCU","25354","Big 12",1,2020
"504287","Texas","25354","Big 12",1,2020
"504285","Texas Tech","25354","Big 12",1,2020
"504309","West Virginia","25354","Big 12",1,2020
"504379","Butler","30184","Big East",1,2020
"504411","Creighton","30184","Big East",1,2020
"504415","DePaul","30184","Big East",1,2020
"504440","Georgetown","30184","Big East",1,2020
"504489","Marquette","30184","Big East",1,2020
"504562","Providence","30184","Big East",1,2020
"504585","Seton Hall","30184","Big East",1,2020
"504574","St. John's (NY)","30184","Big East",1,2020
"504408","UConn","30184","Big East",1,2020
"504301","Villanova","30184","Big East",1,2020
"504322","Xavier","30184","Big East",1,2020
"504427","Eastern Wash.","825","Big Sky",1,2020
"504457","Idaho","825","Big Sky",1,2020
"504456","Idaho St.","825","Big Sky",1,2020
"504508","Montana","825","Big Sky",1,2020
"504507","Montana St.","825","Big Sky",1,2020
"504537","Northern Ariz.","825","Big Sky",1,2020
"504538","Northern Colo.","825","Big Sky",1,2020
"504558","Portland St.","825","Big Sky",1,2020
"504386","Sacramento St.","825","Big Sky",1,2020
"504601","Southern Utah","825","Big Sky",1,2020
"504308","Weber St.","825","Big Sky",1,2020
"504393","Campbell","826","Big South",1,2020
"504366","Charleston So.","826","Big South",1,2020
"504328","Gardner-Webb","826","Big South",1,2020
"504447","Hampton","826","Big South",1,2020
"504341","High Point","826","Big South",1,2020
"504331","Presbyterian","826","Big South",1,2020
"504565","Radford","826","Big South",1,2020
"504512","UNC Asheville","826","Big South",1,2020
"504339","USC Upstate","826","Big South",1,2020
"504316","Winthrop","826","Big South",1,2020
"504459","Illinois","827","Big Ten",1,2020
"504462","Indiana","827","Big Ten",1,2020
"504466","Iowa","827","Big Ten",1,2020
"504492","Maryland","827","Big Ten",1,2020
"504500","Michigan","827","Big Ten",1,2020
"504499","Michigan St.","827","Big Ten",1,2020
"504502","Minnesota","827","Big Ten",1,2020
"504517","Nebraska","827","Big Ten",1,2020
"504543","Northwestern","827","Big Ten",1,2020
"504546","Ohio St.","827","Big Ten",1,2020
"504554","Penn St.","827","Big Ten",1,2020
"504563","Purdue","827","Big Ten",1,2020
"504570","Rutgers","827","Big Ten",1,2020
"504318","Wisconsin","827","Big Ten",1,2020
"504381","CSU Bakersfield","904","Big West",1,2020
"504385","CSUN","904","Big West",1,2020
"504380","Cal Poly","904","Big West",1,2020
"504383","Cal St. Fullerton","904","Big West",1,2020
"504450","Hawaii","904","Big West",1,2020
"504384","Long Beach St.","904","Big West",1,2020
"504389","UC Davis","904","Big West",1,2020
"504390","UC Irvine","904","Big West",1,2020
"504392","UC Riverside","904","Big West",1,2020
"504634","UC San Diego","904","Big West",1,2020
"504387","UC Santa Barbara","904","Big West",1,2020
"504326","Col. of Charleston","837","CAA",1,2020
"504417","Delaware","837","CAA",1,2020
"504327","Elon","837","CAA",1,2020
"504451","Hofstra","837","CAA",1,2020
"504470","James Madison","837","CAA",1,2020
"504536","Northeastern","837","CAA",1,2020
"504291","Towson","837","CAA",1,2020
"504516","UNCW","837","CAA",1,2020
"504315","William & Mary","837","CAA",1,2020
"504514","Charlotte","24312","CUSA",1,2020
"504433","FIU","24312","CUSA",1,2020
"504432","Fla. Atlantic","24312","CUSA",1,2020
"504482","Louisiana Tech","24312","CUSA",1,2020
"504490","Marshall","24312","CUSA",1,2020
"504501","Middle Tenn.","24312","CUSA",1,2020
"504534","North Texas","24312","CUSA",1,2020
"512870","Old Dominion","24312","CUSA",1,2020
"504567","Rice","24312","CUSA",1,2020
"504599","Southern Miss.","24312","CUSA",1,2020
"504353","UAB","24312","CUSA",1,2020
"504288","UTEP","24312","CUSA",1,2020
"504289","UTSA","24312","CUSA",1,2020
"504312","Western Ky.","24312","CUSA",1,2020
"504402","Cleveland St.","881","Horizon",1,2020
"504317","Green Bay","881","Horizon",1,2020
"504334","IU Indy","881","Horizon",1,2020
"504319","Milwaukee","881","Horizon",1,2020
"504541","Northern Ky.","881","Horizon",1,2020
"504545","Oakland","881","Horizon",1,2020
"504463","Purdue Fort Wayne","881","Horizon",1,2020
"504569","Robert Morris","881","Horizon",1,2020
"504460","UIC","881","Horizon",1,2020
"504320","Wright St.","881","Horizon",1,2020
"504324","Youngstown St.","881","Horizon",1,2020
"504375","Brown","865","Ivy League",1,2020
"504407","Columbia","865","Ivy League",1,2020
"504410","Cornell","865","Ivy League",1,2020
"504412","Dartmouth","865","Ivy League",1,2020
"504449","Harvard","865","Ivy League",1,2020
"504555","Penn","865","Ivy League",1,2020
"504561","Princeton","865","Ivy League",1,2020
"504323","Yale","865","Ivy League",1,2020
"504394","Canisius","871","MAAC",1,2020
"504429","Fairfield","871","MAAC",1,2020
"504464","Iona","871","MAAC",1,2020
"504487","Manhattan","871","MAAC",1,2020
"504488","Marist","871","MAAC",1,2020
"504526","Niagara","871","MAAC",1,2020
"504564","Quinnipiac","871","MAAC",1,2020
"504568","Rider","871","MAAC",1,2020
"504577","Saint Peter's","871","MAAC",1,2020
"504586","Siena","871","MAAC",1,2020
"504349","Akron","875","MAC",1,2020
"504365","Ball St.","875","MAC",1,2020
"504372","Bowling Green","875","MAC",1,2020
"504378","Buffalo","875","MAC",1,2020
"504397","Central Mich.","875","MAC",1,2020
"504426","Eastern Mich.","875","MAC",1,2020
"504473","Kent St.","875","MAC",1,2020
"504497","Miami (OH)","875","MAC",1,2020
"504539","NIU","875","MAC",1,2020
"504547","Ohio","875","MAC",1,2020
"504290","Toledo","875","MAC",1,2020
"504313","Western Mich.","875","MAC",1,2020
"504368","Bethune-Cookman","876","MEAC",1,2020
"504409","Coppin St.","876","MEAC",1,2020
"504416","Delaware St.","876","MEAC",1,2020
"504431","Florida A&M","876","MEAC",1,2020
"504455","Howard","876","MEAC",1,2020
"504510","Morgan St.","876","MEAC",1,2020
"504529","N.C. A&T","876","MEAC",1,2020
"504530","N.C. Central","876","MEAC",1,2020
"504528","Norfolk St.","876","MEAC",1,2020
"504588","South Carolina St.","876","MEAC",1,2020
"504493","UMES","876","MEAC",1,2020
"504373","Bradley","884","MVC",1,2020
"504419","Drake","884","MVC",1,2020
"504428","Evansville","884","MVC",1,2020
"504458","Illinois St.","884","MVC",1,2020
"504461","Indiana St.","884","MVC",1,2020
"504486","Loyola Chicago","884","MVC",1,2020
"504602","Missouri St.","884","MVC",1,2020
"504596","Southern Ill.","884","MVC",1,2020
"504540","UNI","884","MVC",1,2020
"504300","Valparaiso","884","MVC",1,2020
"504295","Air Force","5486","Mountain West",1,2020
"504370","Boise St.","5486","Mountain West",1,2020
"504405","Colorado St.","5486","Mountain West",1,2020
"504382","Fresno St.","5486","Mountain West",1,2020
"504520","Nevada","5486","Mountain West",1,2020
"504524","New Mexico","5486","Mountain West",1,2020
"504580","San Diego St.","5486","Mountain West",1,2020
"504583","San Jose St.","5486","Mountain West",1,2020
"504519","UNLV","5486","Mountain West",1,2020
"504298","Utah St.","5486","Mountain West",1,2020
"504321","Wyoming","5486","Mountain West",1,2020
"504376","Bryant","846","NEC",1,2020
"504395","Central Conn. St.","846","NEC",1,2020
"504430","FDU","846","NEC",1,2020
"504480","LIU","846","NEC",1,2020
"504604","Merrimack","846","NEC",1,2020
"504571","Sacred Heart","846","NEC",1,2020
"504573","Saint Francis","846","NEC",1,2020
"504572","St. Francis Brooklyn","846","NEC",1,2020
"504364","Austin Peay","902","OVC",1,2020
"504340","Belmont","902","OVC",1,2020
"504424","Eastern Ill.","902","OVC",1,2020
"504425","Eastern Ky.","902","OVC",1,2020
"504468","Jacksonville St.","902","OVC",1,2020
"504509","Morehead St.","902","OVC",1,2020
"504511","Murray St.","902","OVC",1,2020
"504597","SIUE","902","OVC",1,2020
"504593","Southeast Mo. St.","902","OVC",1,2020
"504277","Tennessee St.","902","OVC",1,2020
"504278","Tennessee Tech","902","OVC",1,2020
"504281","UT Martin","902","OVC",1,2020
"504359","Arizona","905","Pac-12",1,2020
"504358","Arizona St.","905","Pac-12",1,2020
"504388","California","905","Pac-12",1,2020
"504406","Colorado","905","Pac-12",1,2020
"504551","Oregon","905","Pac-12",1,2020
"504550","Oregon St.","905","Pac-12",1,2020
"504595","Southern California","905","Pac-12",1,2020
"504271","Stanford","905","Pac-12",1,2020
"504391","UCLA","905","Pac-12",1,2020
"504299","Utah","905","Pac-12",1,2020
"504307","Washington","905","Pac-12",1,2020
"504306","Washington St.","905","Pac-12",1,2020
"504356","American","838","Patriot",1,2020
"504296","Army West Point","838","Patriot",1,2020
"504377","Bucknell","838","Patriot",1,2020
"504404","Colgate","838","Patriot",1,2020
"504452","Holy Cross","838","Patriot",1,2020
"504476","Lafayette","838","Patriot",1,2020
"504478","Lehigh","838","Patriot",1,2020
"504484","Loyola Maryland","838","Patriot",1,2020
"504297","Navy","838","Patriot",1,2020
"504352","Alabama","911","SEC",1,2020
"504361","Arkansas","911","SEC",1,2020
"504363","Auburn","911","SEC",1,2020
"504435","Florida","911","SEC",1,2020
"504444","Georgia","911","SEC",1,2020
"504474","Kentucky","911","SEC",1,2020
"504481","LSU","911","SEC",1,2020
"504503","Mississippi St.","911","SEC",1,2020
"504506","Missouri","911","SEC",1,2020
"504505","Ole Miss","911","SEC",1,2020
"504589","South Carolina","911","SEC",1,2020
"504280","Tennessee","911","SEC",1,2020
"504282","Texas A&M","911","SEC",1,2020
"504350","Alabama A&M","916","SWAC",1,2020
"504351","Alabama St.","916","SWAC",1,2020
"504355","Alcorn","916","SWAC",1,2020
"504333","Ark.-Pine Bluff","916","SWAC",1,2020
"504446","Grambling","916","SWAC",1,2020
"504467","Jackson St.","916","SWAC",1,2020
"504504","Mississippi Val.","916","SWAC",1,2020
"504560","Prairie View","916","SWAC",1,2020
"504600","Southern U.","916","SWAC",1,2020
"504284","Texas Southern","916","SWAC",1,2020
"504279","Chattanooga","912","SoCon",1,2020
"504423","ETSU","912","SoCon",1,2020
"504437","Furman","912","SoCon",1,2020
"504496","Mercer","912","SoCon",1,2020
"504579","Samford","912","SoCon",1,2020
"504400","The Citadel","912","SoCon",1,2020
"504515","UNC Greensboro","912","SoCon",1,2020
"504310","Western Caro.","912","SoCon",1,2020
"504338","Wofford","912","SoCon",1,2020
"504342","A&M-Corpus Christi","914","Southland",1,2020
"504348","Abilene Christian","914","Southland",1,2020
"504325","Central Ark.","914","Southland",1,2020
"504453","Houston Christian","914","Southland",1,2020
"504477","Lamar University","914","Southland",1,2020
"504494","McNeese","914","Southland",1,2020
"504525","New Orleans","914","Southland",1,2020
"504527","Nicholls","914","Southland",1,2020
"504542","Northwestern St.","914","Southland",1,2020
"504272","SFA","914","Southland",1,2020
"504578","Sam Houston","914","Southland",1,2020
"504594","Southeastern La.","914","Southland",1,2020
"504337","UIW","914","Southland",1,2020
"504418","Denver","819","Summit League",1,2020
"504335","Kansas City","819","Summit League",1,2020
"504533","North Dakota","819","Summit League",1,2020
"504532","North Dakota St.","819","Summit League",1,2020
"504518","Omaha","819","Summit League",1,2020
"504549","Oral Roberts","819","Summit League",1,2020
"504591","South Dakota","819","Summit League",1,2020
"504590","South Dakota St.","819","Summit League",1,2020
"504311","Western Ill.","819","Summit League",1,2020
"504357","App State","818","Sun Belt",1,2020
"504360","Arkansas St.","818","Sun Belt",1,2020
"504403","Coastal Carolina","818","Sun Belt",1,2020
"504441","Ga. Southern","818","Sun Belt",1,2020
"504442","Georgia St.","818","Sun Belt",1,2020
"504362","Little Rock","818","Sun Belt",1,2020
"504270","Louisiana","818","Sun Belt",1,2020
"504587","South Alabama","818","Sun Belt",1,2020
"504603","Texas St.","818","Sun Belt",1,2020
"504292","Troy","818","Sun Belt",1,2020
"504535","ULM","818","Sun Belt",1,2020
"504286","UT Arlington","818","Sun Belt",1,2020
"504347","California Baptist","923","WAC",1,2020
"504398","Chicago St.","923","WAC",1,2020
"504329","Grand Canyon","923","WAC",1,2020
"504523","New Mexico St.","923","WAC",1,2020
"504332","Seattle U","923","WAC",1,2020
"504786","Tarleton St.","923","WAC",1,2020
"504553","UTRGV","923","WAC",1,2020
"504863","Utah Tech","923","WAC",1,2020
"504345","Utah Valley","923","WAC",1,2020
"504374","BYU","922","WCC",1,2020
"504445","Gonzaga","922","WCC",1,2020
"504485","LMU (CA)","922","WCC",1,2020
"504552","Pacific","922","WCC",1,2020
"504556","Pepperdine","922","WCC",1,2020
"504559","Portland","922","WCC",1,2020
"504576","Saint Mary's (CA)","922","WCC",1,2020
"504581","San Diego","922","WCC",1,2020
"504582","San Francisco","922","WCC",1,2020
"504584","Santa Clara","922","WCC",1,2020
"522896","Boston College","821","ACC",1,2021
"522942","Clemson","821","ACC",1,2021
"522971","Duke","821","ACC",1,2021
"522992","Florida St.","821","ACC",1,2021
"523006","Georgia Tech","821","ACC",1,2021
"523066","Louisville","821","ACC",1,2021
"523088","Miami (FL)","821","ACC",1,2021
"523138","NC State","821","ACC",1,2021
"523111","North Carolina","821","ACC",1,2021
"523157","Notre Dame","821","ACC",1,2021
"523177","Pittsburgh","821","ACC",1,2021
"522742","Syracuse","821","ACC",1,2021
"522785","Virginia","821","ACC",1,2021
"522784","Virginia Tech","821","ACC",1,2021
"522787","Wake Forest","821","ACC",1,2021
"522734","Bellarmine","920","ASUN",1,2021
"522820","Central Ark.","920","ASUN",1,2021
"522978","Eastern Ky.","920","ASUN",1,2021
"522851","FGCU","920","ASUN",1,2021
"523045","Jacksonville","920","ASUN",1,2021
"523043","Jacksonville St.","920","ASUN",1,2021
"522829","Kennesaw St.","920","ASUN",1,2021
"523059","Liberty","920","ASUN",1,2021
"522849","Lipscomb","920","ASUN",1,2021
"522854","North Ala.","920","ASUN",1,2021
"522838","North Florida","920","ASUN",1,2021
"522740","Stetson","920","ASUN",1,2021
"522893","Binghamton","845","America East",1,2021
"523014","Hartford","845","America East",1,2021
"523124","NJIT","845","America East",1,2021
"523123","New Hampshire","845","America East",1,2021
"522741","Stony Brook","845","America East",1,2021
"522866","UAlbany","845","America East",1,2021
"523078","UMBC","845","America East",1,2021
"522939","Cincinnati","823","American",1,2021
"522975","East Carolina","823","American",1,2021
"523023","Houston","823","American",1,2021
"523084","Memphis","823","American",1,2021
"523237","SMU","823","American",1,2021
"523228","South Fla.","823","American",1,2021
"522743","Temple","823","American",1,2021
"522767","Tulane","823","American",1,2021
"522769","Tulsa","823","American",1,2021
"522935","UCF","823","American",1,2021
"522802","Wichita St.","823","American",1,2021
"522961","Davidson","820","Atlantic 10",1,2021
"522963","Dayton","820","Atlantic 10",1,2021
"522973","Duquesne","820","Atlantic 10",1,2021
"522995","Fordham","820","Atlantic 10",1,2021
"522999","George Mason","820","Atlantic 10",1,2021
"523000","George Washington","820","Atlantic 10",1,2021
"523190","Rhode Island","820","Atlantic 10",1,2021
"523203","Saint Louis","820","Atlantic 10",1,2021
"522782","VCU","820","Atlantic 10",1,2021
"522889","Baylor","25354","Big 12",1,2021
"523039","Iowa St.","25354","Big 12",1,2021
"523049","Kansas","25354","Big 12",1,2021
"523048","Kansas St.","25354","Big 12",1,2021
"523163","Oklahoma","25354","Big 12",1,2021
"522750","TCU","25354","Big 12",1,2021
"522756","Texas","25354","Big 12",1,2021
"522753","Texas Tech","25354","Big 12",1,2021
"522794","West Virginia","25354","Big 12",1,2021
"522909","Butler","30184","Big East",1,2021
"522958","Creighton","30184","Big East",1,2021
"522964","DePaul","30184","Big East",1,2021
"523001","Georgetown","30184","Big East",1,2021
"523075","Marquette","30184","Big East",1,2021
"523184","Providence","30184","Big East",1,2021
"523219","Seton Hall","30184","Big East",1,2021
"523201","St. John's (NY)","30184","Big East",1,2021
"522953","UConn","30184","Big East",1,2021
"522780","Villanova","30184","Big East",1,2021
"522816","Xavier","30184","Big East",1,2021
"522981","Eastern Wash.","825","Big Sky",1,2021
"523027","Idaho","825","Big Sky",1,2021
"523026","Idaho St.","825","Big Sky",1,2021
"523103","Montana","825","Big Sky",1,2021
"523102","Montana St.","825","Big Sky",1,2021
"523147","Northern Ariz.","825","Big Sky",1,2021
"523148","Northern Colo.","825","Big Sky",1,2021
"523178","Portland St.","825","Big Sky",1,2021
"522919","Sacramento St.","825","Big Sky",1,2021
"523241","Southern Utah","825","Big Sky",1,2021
"522792","Weber St.","825","Big Sky",1,2021
"522930","Campbell","826","Big South",1,2021
"522888","Charleston So.","826","Big South",1,2021
"522825","Gardner-Webb","826","Big South",1,2021
"523012","Hampton","826","Big South",1,2021
"522846","High Point","826","Big South",1,2021
"523135","N.C. A&T","826","Big South",1,2021
"522830","Presbyterian","826","Big South",1,2021
"523189","Radford","826","Big South",1,2021
"523110","UNC Asheville","826","Big South",1,2021
"522843","USC Upstate","826","Big South",1,2021
"522805","Winthrop","826","Big South",1,2021
"523030","Illinois","827","Big Ten",1,2021
"523035","Indiana","827","Big Ten",1,2021
"523040","Iowa","827","Big Ten",1,2021
"523079","Maryland","827","Big Ten",1,2021
"523092","Michigan","827","Big Ten",1,2021
"523090","Michigan St.","827","Big Ten",1,2021
"523095","Minnesota","827","Big Ten",1,2021
"523117","Nebraska","827","Big Ten",1,2021
"523156","Northwestern","827","Big Ten",1,2021
"523160","Ohio St.","827","Big Ten",1,2021
"523172","Penn St.","827","Big Ten",1,2021
"523186","Purdue","827","Big Ten",1,2021
"523196","Rutgers","827","Big Ten",1,2021
"522809","Wisconsin","827","Big Ten",1,2021
"522912","CSU Bakersfield","904","Big West",1,2021
"522918","CSUN","904","Big West",1,2021
"522910","Cal Poly","904","Big West",1,2021
"522914","Cal St. Fullerton","904","Big West",1,2021
"523017","Hawaii","904","Big West",1,2021
"522916","Long Beach St.","904","Big West",1,2021
"522924","UC Davis","904","Big West",1,2021
"522925","UC Irvine","904","Big West",1,2021
"522929","UC Riverside","904","Big West",1,2021
"522735","UC San Diego","904","Big West",1,2021
"522921","UC Santa Barbara","904","Big West",1,2021
"522822","Col. of Charleston","837","CAA",1,2021
"522967","Delaware","837","CAA",1,2021
"522824","Elon","837","CAA",1,2021
"523018","Hofstra","837","CAA",1,2021
"523046","James Madison","837","CAA",1,2021
"523145","Northeastern","837","CAA",1,2021
"522763","Towson","837","CAA",1,2021
"523116","UNCW","837","CAA",1,2021
"522804","William & Mary","837","CAA",1,2021
"523113","Charlotte","24312","CUSA",1,2021
"522990","FIU","24312","CUSA",1,2021
"522989","Fla. Atlantic","24312","CUSA",1,2021
"523065","Louisiana Tech","24312","CUSA",1,2021
"523076","Marshall","24312","CUSA",1,2021
"523093","Middle Tenn.","24312","CUSA",1,2021
"523142","North Texas","24312","CUSA",1,2021
"523249","Old Dominion","24312","CUSA",1,2021
"523191","Rice","24312","CUSA",1,2021
"523238","Southern Miss.","24312","CUSA",1,2021
"522865","UAB","24312","CUSA",1,2021
"522758","UTEP","24312","CUSA",1,2021
"522760","UTSA","24312","CUSA",1,2021
"522799","Western Ky.","24312","CUSA",1,2021
"522944","Cleveland St.","881","Horizon",1,2021
"522807","Green Bay","881","Horizon",1,2021
"522835","IU Indy","881","Horizon",1,2021
"522811","Milwaukee","881","Horizon",1,2021
"523153","Northern Ky.","881","Horizon",1,2021
"523159","Oakland","881","Horizon",1,2021
"523036","Purdue Fort Wayne","881","Horizon",1,2021
"523194","Robert Morris","881","Horizon",1,2021
"523032","UIC","881","Horizon",1,2021
"522812","Wright St.","881","Horizon",1,2021
"522819","Youngstown St.","881","Horizon",1,2021
"522902","Brown","865","Ivy League",1,2021
"522952","Columbia","865","Ivy League",1,2021
"522956","Cornell","865","Ivy League",1,2021
"522959","Dartmouth","865","Ivy League",1,2021
"523015","Harvard","865","Ivy League",1,2021
"523174","Penn","865","Ivy League",1,2021
"523183","Princeton","865","Ivy League",1,2021
"522817","Yale","865","Ivy League",1,2021
"522931","Canisius","871","MAAC",1,2021
"522984","Fairfield","871","MAAC",1,2021
"523038","Iona","871","MAAC",1,2021
"523072","Manhattan","871","MAAC",1,2021
"523074","Marist","871","MAAC",1,2021
"523130","Niagara","871","MAAC",1,2021
"523187","Quinnipiac","871","MAAC",1,2021
"523193","Rider","871","MAAC",1,2021
"523206","Saint Peter's","871","MAAC",1,2021
"523220","Siena","871","MAAC",1,2021
"522859","Akron","875","MAC",1,2021
"522886","Ball St.","875","MAC",1,2021
"522897","Bowling Green","875","MAC",1,2021
"522907","Buffalo","875","MAC",1,2021
"522936","Central Mich.","875","MAC",1,2021
"522980","Eastern Mich.","875","MAC",1,2021
"523051","Kent St.","875","MAC",1,2021
"523087","Miami (OH)","875","MAC",1,2021
"523150","NIU","875","MAC",1,2021
"523162","Ohio","875","MAC",1,2021
"522762","Toledo","875","MAC",1,2021
"522800","Western Mich.","875","MAC",1,2021
"522955","Coppin St.","876","MEAC",1,2021
"522966","Delaware St.","876","MEAC",1,2021
"523024","Howard","876","MEAC",1,2021
"523106","Morgan St.","876","MEAC",1,2021
"523136","N.C. Central","876","MEAC",1,2021
"523133","Norfolk St.","876","MEAC",1,2021
"523223","South Carolina St.","876","MEAC",1,2021
"523081","UMES","876","MEAC",1,2021
"522899","Bradley","884","MVC",1,2021
"522970","Drake","884","MVC",1,2021
"522983","Evansville","884","MVC",1,2021
"523029","Illinois St.","884","MVC",1,2021
"523033","Indiana St.","884","MVC",1,2021
"523070","Loyola Chicago","884","MVC",1,2021
"523243","Missouri St.","884","MVC",1,2021
"523234","Southern Ill.","884","MVC",1,2021
"523151","UNI","884","MVC",1,2021
"522778","Valparaiso","884","MVC",1,2021
"522770","Air Force","5486","Mountain West",1,2021
"522894","Boise St.","5486","Mountain West",1,2021
"522948","Colorado St.","5486","Mountain West",1,2021
"522913","Fresno St.","5486","Mountain West",1,2021
"523121","Nevada","5486","Mountain West",1,2021
"523127","New Mexico","5486","Mountain West",1,2021
"523211","San Diego St.","5486","Mountain West",1,2021
"523215","San Jose St.","5486","Mountain West",1,2021
"523120","UNLV","5486","Mountain West",1,2021
"522775","Utah St.","5486","Mountain West",1,2021
"522814","Wyoming","5486","Mountain West",1,2021
"522904","Bryant","846","NEC",1,2021
"522933","Central Conn. St.","846","NEC",1,2021
"522986","FDU","846","NEC",1,2021
"523062","LIU","846","NEC",1,2021
"523246","Merrimack","846","NEC",1,2021
"523197","Sacred Heart","846","NEC",1,2021
"523200","Saint Francis","846","NEC",1,2021
"523199","St. Francis Brooklyn","846","NEC",1,2021
"522884","Austin Peay","902","OVC",1,2021
"522844","Belmont","902","OVC",1,2021
"522977","Eastern Ill.","902","OVC",1,2021
"523105","Morehead St.","902","OVC",1,2021
"523108","Murray St.","902","OVC",1,2021
"523235","SIUE","902","OVC",1,2021
"523230","Southeast Mo. St.","902","OVC",1,2021
"522744","Tennessee St.","902","OVC",1,2021
"522745","Tennessee Tech","902","OVC",1,2021
"522748","UT Martin","902","OVC",1,2021
"522876","Arizona","905","Pac-12",1,2021
"522875","Arizona St.","905","Pac-12",1,2021
"522922","California","905","Pac-12",1,2021
"522950","Colorado","905","Pac-12",1,2021
"523168","Oregon","905","Pac-12",1,2021
"523166","Oregon St.","905","Pac-12",1,2021
"523233","Southern California","905","Pac-12",1,2021
"522738","Stanford","905","Pac-12",1,2021
"522927","UCLA","905","Pac-12",1,2021
"522777","Utah","905","Pac-12",1,2021
"522790","Washington","905","Pac-12",1,2021
"522789","Washington St.","905","Pac-12",1,2021
"522871","American","838","Patriot",1,2021
"522772","Army West Point","838","Patriot",1,2021
"522906","Bucknell","838","Patriot",1,2021
"522947","Colgate","838","Patriot",1,2021
"523020","Holy Cross","838","Patriot",1,2021
"523055","Lafayette","838","Patriot",1,2021
"523058","Lehigh","838","Patriot",1,2021
"523068","Loyola Maryland","838","Patriot",1,2021
"522774","Navy","838","Patriot",1,2021
"522863","Alabama","911","SEC",1,2021
"522879","Arkansas","911","SEC",1,2021
"522883","Auburn","911","SEC",1,2021
"522994","Florida","911","SEC",1,2021
"523007","Georgia","911","SEC",1,2021
"523052","Kentucky","911","SEC",1,2021
"523063","LSU","911","SEC",1,2021
"523096","Mississippi St.","911","SEC",1,2021
"523100","Missouri","911","SEC",1,2021
"523099","Ole Miss","911","SEC",1,2021
"523224","South Carolina","911","SEC",1,2021
"522747","Tennessee","911","SEC",1,2021
"522749","Texas A&M","911","SEC",1,2021
"522860","Alabama A&M","916","SWAC",1,2021
"522862","Alabama St.","916","SWAC",1,2021
"522869","Alcorn","916","SWAC",1,2021
"522833","Ark.-Pine Bluff","916","SWAC",1,2021
"522891","Bethune-Cookman","916","SWAC",1,2021
"522988","Florida A&M","916","SWAC",1,2021
"523011","Grambling","916","SWAC",1,2021
"523042","Jackson St.","916","SWAC",1,2021
"523098","Mississippi Val.","916","SWAC",1,2021
"523181","Prairie View","916","SWAC",1,2021
"523240","Southern U.","916","SWAC",1,2021
"522752","Texas Southern","916","SWAC",1,2021
"522746","Chattanooga","912","SoCon",1,2021
"522976","ETSU","912","SoCon",1,2021
"522997","Furman","912","SoCon",1,2021
"523085","Mercer","912","SoCon",1,2021
"523209","Samford","912","SoCon",1,2021
"522941","The Citadel","912","SoCon",1,2021
"523114","UNC Greensboro","912","SoCon",1,2021
"522795","Western Caro.","912","SoCon",1,2021
"522841","Wofford","912","SoCon",1,2021
"522848","A&M-Corpus Christi","914","Southland",1,2021
"523021","Houston Christian","914","Southland",1,2021
"523082","McNeese","914","Southland",1,2021
"523128","New Orleans","914","Southland",1,2021
"523132","Nicholls","914","Southland",1,2021
"523154","Northwestern St.","914","Southland",1,2021
"523231","Southeastern La.","914","Southland",1,2021
"522840","UIW","914","Southland",1,2021
"522969","Denver","819","Summit League",1,2021
"522836","Kansas City","819","Summit League",1,2021
"523141","North Dakota","819","Summit League",1,2021
"523139","North Dakota St.","819","Summit League",1,2021
"523118","Omaha","819","Summit League",1,2021
"523165","Oral Roberts","819","Summit League",1,2021
"523227","South Dakota","819","Summit League",1,2021
"523226","South Dakota St.","819","Summit League",1,2021
"524009","St. Thomas (MN)","819","Summit League",1,2021
"522797","Western Ill.","819","Summit League",1,2021
"522873","App State","818","Sun Belt",1,2021
"522878","Arkansas St.","818","Sun Belt",1,2021
"522945","Coastal Carolina","818","Sun Belt",1,2021
"523003","Ga. Southern","818","Sun Belt",1,2021
"523005","Georgia St.","818","Sun Belt",1,2021
"522881","Little Rock","818","Sun Belt",1,2021
"522737","Louisiana","818","Sun Belt",1,2021
"523222","South Alabama","818","Sun Belt",1,2021
"523244","Texas St.","818","Sun Belt",1,2021
"522765","Troy","818","Sun Belt",1,2021
"523144","ULM","818","Sun Belt",1,2021
"522754","UT Arlington","818","Sun Belt",1,2021
"522857","Abilene Christian","923","WAC",1,2021
"522855","California Baptist","923","WAC",1,2021
"522938","Chicago St.","923","WAC",1,2021
"522827","Grand Canyon","923","WAC",1,2021
"523057","Lamar University","923","WAC",1,2021
"523126","New Mexico St.","923","WAC",1,2021
"522739","SFA","923","WAC",1,2021
"523208","Sam Houston","923","WAC",1,2021
"522832","Seattle U","923","WAC",1,2021
"522736","Tarleton St.","923","WAC",1,2021
"523171","UTRGV","923","WAC",1,2021
"523247","Utah Tech","923","WAC",1,2021
"522852","Utah Valley","923","WAC",1,2021
"522901","BYU","922","WCC",1,2021
"523009","Gonzaga","922","WCC",1,2021
"523069","LMU (CA)","922","WCC",1,2021
"523169","Pacific","922","WCC",1,2021
"523175","Pepperdine","922","WCC",1,2021
"523180","Portland","922","WCC",1,2021
"523205","Saint Mary's (CA)","922","WCC",1,2021
"523212","San Diego","922","WCC",1,2021
"523214","San Francisco","922","WCC",1,2021
"523217","Santa Clara","922","WCC",1,2021
"538757","Boston College","821","ACC",1,2022
"538787","Clemson","821","ACC",1,2022
"538806","Duke","821","ACC",1,2022
"538820","Florida St.","821","ACC",1,2022
"538829","Georgia Tech","821","ACC",1,2022
"538868","Louisville","821","ACC",1,2022
"538883","Miami (FL)","821","ACC",1,2022
"538916","NC State","821","ACC",1,2022
"538898","North Carolina","821","ACC",1,2022
"538929","Notre Dame","821","ACC",1,2022
"538942","Pittsburgh","821","ACC",1,2022
"538641","Syracuse","821","ACC",1,2022
"538690","Virginia","821","ACC",1,2022
"538689","Virginia Tech","821","ACC",1,2022
"538691","Wake Forest","821","ACC",1,2022
"538750","Austin Peay","920","ASUN",1,2022
"538633","Bellarmine","920","ASUN",1,2022
"538711","Central Ark.","920","ASUN",1,2022
"538811","Eastern Ky.","920","ASUN",1,2022
"538730","FGCU","920","ASUN",1,2022
"538855","Jacksonville","920","ASUN",1,2022
"538854","Jacksonville St.","920","ASUN",1,2022
"538716","Kennesaw St.","920","ASUN",1,2022
"538864","Liberty","920","ASUN",1,2022
"538729","Lipscomb","920","ASUN",1,2022
"538732","North Ala.","920","ASUN",1,2022
"538722","North Florida","920","ASUN",1,2022
"539335","Queens (NC)","920","ASUN",1,2022
"538639","Stetson","920","ASUN",1,2022
"538755","Binghamton","845","America East",1,2022
"538762","Bryant","845","America East",1,2022
"538907","NJIT","845","America East",1,2022
"538906","New Hampshire","845","America East",1,2022
"538740","UAlbany","845","America East",1,2022
"538876","UMBC","845","America East",1,2022
"538785","Cincinnati","823","American",1,2022
"538808","East Carolina","823","American",1,2022
"538840","Houston","823","American",1,2022
"538880","Memphis","823","American",1,2022
"538983","SMU","823","American",1,2022
"538977","South Fla.","823","American",1,2022
"538642","Temple","823","American",1,2022
"538679","Tulane","823","American",1,2022
"538680","Tulsa","823","American",1,2022
"538782","UCF","823","American",1,2022
"538700","Wichita St.","823","American",1,2022
"538799","Davidson","820","Atlantic 10",1,2022
"538800","Dayton","820","Atlantic 10",1,2022
"538807","Duquesne","820","Atlantic 10",1,2022
"538822","Fordham","820","Atlantic 10",1,2022
"538824","George Mason","820","Atlantic 10",1,2022
"538825","George Washington","820","Atlantic 10",1,2022
"538871","Loyola Chicago","820","Atlantic 10",1,2022
"538951","Rhode Island","820","Atlantic 10",1,2022
"538960","Saint Louis","820","Atlantic 10",1,2022
"538688","VCU","820","Atlantic 10",1,2022
"538753","Baylor","25354","Big 12",1,2022
"538851","Iowa St.","25354","Big 12",1,2022
"538858","Kansas","25354","Big 12",1,2022
"538857","Kansas St.","25354","Big 12",1,2022
"538933","Oklahoma","25354","Big 12",1,2022
"538669","TCU","25354","Big 12",1,2022
"538673","Texas","25354","Big 12",1,2022
"538671","Texas Tech","25354","Big 12",1,2022
"538695","West Virginia","25354","Big 12",1,2022
"538765","Butler","30184","Big East",1,2022
"538797","Creighton","30184","Big East",1,2022
"538801","DePaul","30184","Big East",1,2022
"538826","Georgetown","30184","Big East",1,2022
"538874","Marquette","30184","Big East",1,2022
"538947","Providence","30184","Big East",1,2022
"538970","Seton Hall","30184","Big East",1,2022
"538959","St. John's (NY)","30184","Big East",1,2022
"538794","UConn","30184","Big East",1,2022
"538687","Villanova","30184","Big East",1,2022
"538708","Xavier","30184","Big East",1,2022
"538813","Eastern Wash.","825","Big Sky",1,2022
"538843","Idaho","825","Big Sky",1,2022
"538842","Idaho St.","825","Big Sky",1,2022
"538893","Montana","825","Big Sky",1,2022
"538892","Montana St.","825","Big Sky",1,2022
"538922","Northern Ariz.","825","Big Sky",1,2022
"538923","Northern Colo.","825","Big Sky",1,2022
"538943","Portland St.","825","Big Sky",1,2022
"538772","Sacramento St.","825","Big Sky",1,2022
"538694","Weber St.","825","Big Sky",1,2022
"538779","Campbell","826","Big South",1,2022
"538752","Charleston So.","826","Big South",1,2022
"538714","Gardner-Webb","826","Big South",1,2022
"538727","High Point","826","Big South",1,2022
"538717","Presbyterian","826","Big South",1,2022
"538950","Radford","826","Big South",1,2022
"538897","UNC Asheville","826","Big South",1,2022
"538725","USC Upstate","826","Big South",1,2022
"538702","Winthrop","826","Big South",1,2022
"538845","Illinois","827","Big Ten",1,2022
"538848","Indiana","827","Big Ten",1,2022
"538852","Iowa","827","Big Ten",1,2022
"538877","Maryland","827","Big Ten",1,2022
"538885","Michigan","827","Big Ten",1,2022
"538884","Michigan St.","827","Big Ten",1,2022
"538887","Minnesota","827","Big Ten",1,2022
"538902","Nebraska","827","Big Ten",1,2022
"538928","Northwestern","827","Big Ten",1,2022
"538931","Ohio St.","827","Big Ten",1,2022
"538939","Penn St.","827","Big Ten",1,2022
"538948","Purdue","827","Big Ten",1,2022
"538955","Rutgers","827","Big Ten",1,2022
"538704","Wisconsin","827","Big Ten",1,2022
"538767","CSU Bakersfield","904","Big West",1,2022
"538771","CSUN","904","Big West",1,2022
"538766","Cal Poly","904","Big West",1,2022
"538769","Cal St. Fullerton","904","Big West",1,2022
"538836","Hawaii","904","Big West",1,2022
"538770","Long Beach St.","904","Big West",1,2022
"538775","UC Davis","904","Big West",1,2022
"538776","UC Irvine","904","Big West",1,2022
"538778","UC Riverside","904","Big West",1,2022
"538634","UC San Diego","904","Big West",1,2022
"538773","UC Santa Barbara","904","Big West",1,2022
"538712","Col. of Charleston","837","CAA",1,2022
"538803","Delaware","837","CAA",1,2022
"538713","Elon","837","CAA",1,2022
"538833","Hampton","837","CAA",1,2022
"538837","Hofstra","837","CAA",1,2022
"538914","N.C. A&T","837","CAA",1,2022
"538921","Northeastern","837","CAA",1,2022
"538640","Stony Brook","837","CAA",1,2022
"538677","Towson","837","CAA",1,2022
"538901","UNCW","837","CAA",1,2022
"538701","William & Mary","837","CAA",1,2022
"538899","Charlotte","24312","CUSA",1,2022
"538819","FIU","24312","CUSA",1,2022
"538818","Fla. Atlantic","24312","CUSA",1,2022
"538867","Louisiana Tech","24312","CUSA",1,2022
"538886","Middle Tenn.","24312","CUSA",1,2022
"538919","North Texas","24312","CUSA",1,2022
"538952","Rice","24312","CUSA",1,2022
"538739","UAB","24312","CUSA",1,2022
"538674","UTEP","24312","CUSA",1,2022
"538675","UTSA","24312","CUSA",1,2022
"538698","Western Ky.","24312","CUSA",1,2022
"538784","Chicago St.","99000","DI Independent",1,2022
"538788","Cleveland St.","881","Horizon",1,2022
"538703","Green Bay","881","Horizon",1,2022
"538720","IU Indy","881","Horizon",1,2022
"538705","Milwaukee","881","Horizon",1,2022
"538926","Northern Ky.","881","Horizon",1,2022
"538930","Oakland","881","Horizon",1,2022
"538849","Purdue Fort Wayne","881","Horizon",1,2022
"538954","Robert Morris","881","Horizon",1,2022
"538706","Wright St.","881","Horizon",1,2022
"538710","Youngstown St.","881","Horizon",1,2022
"538761","Brown","865","Ivy League",1,2022
"538793","Columbia","865","Ivy League",1,2022
"538796","Cornell","865","Ivy League",1,2022
"538798","Dartmouth","865","Ivy League",1,2022
"538835","Harvard","865","Ivy League",1,2022
"538940","Penn","865","Ivy League",1,2022
"538946","Princeton","865","Ivy League",1,2022
"538709","Yale","865","Ivy League",1,2022
"538780","Canisius","871","MAAC",1,2022
"538815","Fairfield","871","MAAC",1,2022
"538850","Iona","871","MAAC",1,2022
"538872","Manhattan","871","MAAC",1,2022
"538873","Marist","871","MAAC",1,2022
"538911","Niagara","871","MAAC",1,2022
"538949","Quinnipiac","871","MAAC",1,2022
"538953","Rider","871","MAAC",1,2022
"538962","Saint Peter's","871","MAAC",1,2022
"538971","Siena","871","MAAC",1,2022
"538735","Akron","875","MAC",1,2022
"538751","Ball St.","875","MAC",1,2022
"538758","Bowling Green","875","MAC",1,2022
"538764","Buffalo","875","MAC",1,2022
"538783","Central Mich.","875","MAC",1,2022
"538812","Eastern Mich.","875","MAC",1,2022
"538859","Kent St.","875","MAC",1,2022
"538882","Miami (OH)","875","MAC",1,2022
"538924","NIU","875","MAC",1,2022
"538932","Ohio","875","MAC",1,2022
"538676","Toledo","875","MAC",1,2022
"538699","Western Mich.","875","MAC",1,2022
"538795","Coppin St.","876","MEAC",1,2022
"538802","Delaware St.","876","MEAC",1,2022
"538841","Howard","876","MEAC",1,2022
"538895","Morgan St.","876","MEAC",1,2022
"538915","N.C. Central","876","MEAC",1,2022
"538913","Norfolk St.","876","MEAC",1,2022
"538973","South Carolina St.","876","MEAC",1,2022
"538878","UMES","876","MEAC",1,2022
"538726","Belmont","884","MVC",1,2022
"538759","Bradley","884","MVC",1,2022
"538805","Drake","884","MVC",1,2022
"538814","Evansville","884","MVC",1,2022
"538844","Illinois St.","884","MVC",1,2022
"538847","Indiana St.","884","MVC",1,2022
"538987","Missouri St.","884","MVC",1,2022
"538896","Murray St.","884","MVC",1,2022
"538981","Southern Ill.","884","MVC",1,2022
"538846","UIC","884","MVC",1,2022
"538925","UNI","884","MVC",1,2022
"538686","Valparaiso","884","MVC",1,2022
"538681","Air Force","5486","Mountain West",1,2022
"538756","Boise St.","5486","Mountain West",1,2022
"538791","Colorado St.","5486","Mountain West",1,2022
"538768","Fresno St.","5486","Mountain West",1,2022
"538905","Nevada","5486","Mountain West",1,2022
"538909","New Mexico","5486","Mountain West",1,2022
"538965","San Diego St.","5486","Mountain West",1,2022
"538968","San Jose St.","5486","Mountain West",1,2022
"538904","UNLV","5486","Mountain West",1,2022
"538684","Utah St.","5486","Mountain West",1,2022
"538707","Wyoming","5486","Mountain West",1,2022
"538781","Central Conn. St.","846","NEC",1,2022
"538816","FDU","846","NEC",1,2022
"538865","LIU","846","NEC",1,2022
"538989","Merrimack","846","NEC",1,2022
"538956","Sacred Heart","846","NEC",1,2022
"538958","Saint Francis","846","NEC",1,2022
"538957","St. Francis Brooklyn","846","NEC",1,2022
"539139","Stonehill","846","NEC",1,2022
"538810","Eastern Ill.","902","OVC",1,2022
"539438","Lindenwood","902","OVC",1,2022
"538748","Little Rock","902","OVC",1,2022
"538894","Morehead St.","902","OVC",1,2022
"538982","SIUE","902","OVC",1,2022
"538978","Southeast Mo. St.","902","OVC",1,2022
"539137","Southern Ind.","902","OVC",1,2022
"538643","Tennessee St.","902","OVC",1,2022
"538644","Tennessee Tech","902","OVC",1,2022
"538667","UT Martin","902","OVC",1,2022
"538745","Arizona","905","Pac-12",1,2022
"538744","Arizona St.","905","Pac-12",1,2022
"538774","California","905","Pac-12",1,2022
"538792","Colorado","905","Pac-12",1,2022
"538936","Oregon","905","Pac-12",1,2022
"538935","Oregon St.","905","Pac-12",1,2022
"538980","Southern California","905","Pac-12",1,2022
"538637","Stanford","905","Pac-12",1,2022
"538777","UCLA","905","Pac-12",1,2022
"538685","Utah","905","Pac-12",1,2022
"538693","Washington","905","Pac-12",1,2022
"538692","Washington St.","905","Pac-12",1,2022
"538742","American","838","Patriot",1,2022
"538682","Army West Point","838","Patriot",1,2022
"538763","Bucknell","838","Patriot",1,2022
"538790","Colgate","838","Patriot",1,2022
"538838","Holy Cross","838","Patriot",1,2022
"538861","Lafayette","838","Patriot",1,2022
"538863","Lehigh","838","Patriot",1,2022
"538869","Loyola Maryland","838","Patriot",1,2022
"538683","Navy","838","Patriot",1,2022
"538738","Alabama","911","SEC",1,2022
"538747","Arkansas","911","SEC",1,2022
"538749","Auburn","911","SEC",1,2022
"538821","Florida","911","SEC",1,2022
"538830","Georgia","911","SEC",1,2022
"538860","Kentucky","911","SEC",1,2022
"538866","LSU","911","SEC",1,2022
"538888","Mississippi St.","911","SEC",1,2022
"538891","Missouri","911","SEC",1,2022
"538890","Ole Miss","911","SEC",1,2022
"538974","South Carolina","911","SEC",1,2022
"538666","Tennessee","911","SEC",1,2022
"538668","Texas A&M","911","SEC",1,2022
"538736","Alabama A&M","916","SWAC",1,2022
"538737","Alabama St.","916","SWAC",1,2022
"538741","Alcorn","916","SWAC",1,2022
"538719","Ark.-Pine Bluff","916","SWAC",1,2022
"538754","Bethune-Cookman","916","SWAC",1,2022
"538817","Florida A&M","916","SWAC",1,2022
"538832","Grambling","916","SWAC",1,2022
"538853","Jackson St.","916","SWAC",1,2022
"538889","Mississippi Val.","916","SWAC",1,2022
"538945","Prairie View","916","SWAC",1,2022
"538985","Southern U.","916","SWAC",1,2022
"538670","Texas Southern","916","SWAC",1,2022
"538645","Chattanooga","912","SoCon",1,2022
"538809","ETSU","912","SoCon",1,2022
"538823","Furman","912","SoCon",1,2022
"538881","Mercer","912","SoCon",1,2022
"538964","Samford","912","SoCon",1,2022
"538786","The Citadel","912","SoCon",1,2022
"538900","UNC Greensboro","912","SoCon",1,2022
"538696","Western Caro.","912","SoCon",1,2022
"538724","Wofford","912","SoCon",1,2022
"538728","A&M-Corpus Christi","914","Southland",1,2022
"539019","East Texas A&M","914","Southland",1,2022
"538839","Houston Christian","914","Southland",1,2022
"538862","Lamar University","914","Southland",1,2022
"538879","McNeese","914","Southland",1,2022
"538910","New Orleans","914","Southland",1,2022
"538912","Nicholls","914","Southland",1,2022
"538927","Northwestern St.","914","Southland",1,2022
"538979","Southeastern La.","914","Southland",1,2022
"538723","UIW","914","Southland",1,2022
"538804","Denver","819","Summit League",1,2022
"538721","Kansas City","819","Summit League",1,2022
"538918","North Dakota","819","Summit League",1,2022
"538917","North Dakota St.","819","Summit League",1,2022
"538903","Omaha","819","Summit League",1,2022
"538934","Oral Roberts","819","Summit League",1,2022
"538976","South Dakota","819","Summit League",1,2022
"538975","South Dakota St.","819","Summit League",1,2022
"538632","St. Thomas (MN)","819","Summit League",1,2022
"538697","Western Ill.","819","Summit League",1,2022
"538743","App State","818","Sun Belt",1,2022
"538746","Arkansas St.","818","Sun Belt",1,2022
"538789","Coastal Carolina","818","Sun Belt",1,2022
"538827","Ga. Southern","818","Sun Belt",1,2022
"538828","Georgia St.","818","Sun Belt",1,2022
"538856","James Madison","818","Sun Belt",1,2022
"538636","Louisiana","818","Sun Belt",1,2022
"538875","Marshall","818","Sun Belt",1,2022
"538991","Old Dominion","818","Sun Belt",1,2022
"538972","South Alabama","818","Sun Belt",1,2022
"538984","Southern Miss.","818","Sun Belt",1,2022
"538988","Texas St.","818","Sun Belt",1,2022
"538678","Troy","818","Sun Belt",1,2022
"538920","ULM","818","Sun Belt",1,2022
"538734","Abilene Christian","923","WAC",1,2022
"538733","California Baptist","923","WAC",1,2022
"538715","Grand Canyon","923","WAC",1,2022
"538908","New Mexico St.","923","WAC",1,2022
"538638","SFA","923","WAC",1,2022
"538963","Sam Houston","923","WAC",1,2022
"538718","Seattle U","923","WAC",1,2022
"538986","Southern Utah","923","WAC",1,2022
"538635","Tarleton St.","923","WAC",1,2022
"538672","UT Arlington","923","WAC",1,2022
"538938","UTRGV","923","WAC",1,2022
"538990","Utah Tech","923","WAC",1,2022
"538731","Utah Valley","923","WAC",1,2022
"538760","BYU","922","WCC",1,2022
"538831","Gonzaga","922","WCC",1,2022
"538870","LMU (CA)","922","WCC",1,2022
"538937","Pacific","922","WCC",1,2022
"538941","Pepperdine","922","WCC",1,2022
"538944","Portland","922","WCC",1,2022
"538961","Saint Mary's (CA)","922","WCC",1,2022
"538966","San Diego","922","WCC",1,2022
"538967","San Francisco","922","WCC",1,2022
"538969","Santa Clara","922","WCC",1,2022
"558553","Boston College","821","ACC",1,2023
"558603","Clemson","821","ACC",1,2023
"558642","Duke","821","ACC",1,2023
"558696","Florida St.","821","ACC",1,2023
"558705","Georgia Tech","821","ACC",1,2023
"558804","Louisville","821","ACC",1,2023
"558839","Miami (FL)","821","ACC",1,2023
"558932","NC State","821","ACC",1,2023
"558874","North Carolina","821","ACC",1,2023
"559124","Notre Dame","821","ACC",1,2023
"559157","Pittsburgh","821","ACC",1,2023
"558942","Syracuse","821","ACC",1,2023
"559011","Virginia","821","ACC",1,2023
"559010","Virginia Tech","821","ACC",1,2023
"559012","Wake Forest","821","ACC",1,2023
"558546","Austin Peay","920","ASUN",1,2023
"558934","Bellarmine","920","ASUN",1,2023
"559052","Central Ark.","920","ASUN",1,2023
"558687","Eastern Ky.","920","ASUN",1,2023
"559111","FGCU","920","ASUN",1,2023
"558791","Jacksonville","920","ASUN",1,2023
"559057","Kennesaw St.","920","ASUN",1,2023
"559110","Lipscomb","920","ASUN",1,2023
"557128","North Ala.","920","ASUN",1,2023
"559063","North Florida","920","ASUN",1,2023
"559270","Queens (NC)","920","ASUN",1,2023
"558940","Stetson","920","ASUN",1,2023
"558551","Binghamton","845","America East",1,2023
"558558","Bryant","845","America East",1,2023
"558883","NJIT","845","America East",1,2023
"558882","New Hampshire","845","America East",1,2023
"557136","UAlbany","845","America East",1,2023
"558832","UMBC","845","America East",1,2023
"558875","Charlotte","823","American",1,2023
"558644","East Carolina","823","American",1,2023
"558694","Fla. Atlantic","823","American",1,2023
"558836","Memphis","823","American",1,2023
"559114","North Texas","823","American",1,2023
"559187","Rice","823","American",1,2023
"559238","SMU","823","American",1,2023
"559232","South Fla.","823","American",1,2023
"558943","Temple","823","American",1,2023
"558980","Tulane","823","American",1,2023
"558981","Tulsa","823","American",1,2023
"557135","UAB","823","American",1,2023
"558976","UTSA","823","American",1,2023
"559021","Wichita St.","823","American",1,2023
"558635","Davidson","820","Atlantic 10",1,2023
"558636","Dayton","820","Atlantic 10",1,2023
"558643","Duquesne","820","Atlantic 10",1,2023
"558698","Fordham","820","Atlantic 10",1,2023
"558700","George Mason","820","Atlantic 10",1,2023
"558701","George Washington","820","Atlantic 10",1,2023
"558827","Loyola Chicago","820","Atlantic 10",1,2023
"559186","Rhode Island","820","Atlantic 10",1,2023
"559195","Saint Louis","820","Atlantic 10",1,2023
"559009","VCU","820","Atlantic 10",1,2023
"558556","BYU","25354","Big 12",1,2023
"558549","Baylor","25354","Big 12",1,2023
"558601","Cincinnati","25354","Big 12",1,2023
"558736","Houston","25354","Big 12",1,2023
"558787","Iowa St.","25354","Big 12",1,2023
"558794","Kansas","25354","Big 12",1,2023
"558793","Kansas St.","25354","Big 12",1,2023
"559148","Oklahoma","25354","Big 12",1,2023
"558970","TCU","25354","Big 12",1,2023
"558974","Texas","25354","Big 12",1,2023
"558972","Texas Tech","25354","Big 12",1,2023
"558598","UCF","25354","Big 12",1,2023
"559016","West Virginia","25354","Big 12",1,2023
"558561","Butler","30184","Big East",1,2023
"558633","Creighton","30184","Big East",1,2023
"558637","DePaul","30184","Big East",1,2023
"558702","Georgetown","30184","Big East",1,2023
"558830","Marquette","30184","Big East",1,2023
"559162","Providence","30184","Big East",1,2023
"559205","Seton Hall","30184","Big East",1,2023
"559194","St. John's (NY)","30184","Big East",1,2023
"558630","UConn","30184","Big East",1,2023
"559008","Villanova","30184","Big East",1,2023
"559049","Xavier","30184","Big East",1,2023
"558689","Eastern Wash.","825","Big Sky",1,2023
"558739","Idaho","825","Big Sky",1,2023
"558738","Idaho St.","825","Big Sky",1,2023
"558869","Montana","825","Big Sky",1,2023
"558868","Montana St.","825","Big Sky",1,2023
"559117","Northern Ariz.","825","Big Sky",1,2023
"559118","Northern Colo.","825","Big Sky",1,2023
"559158","Portland St.","825","Big Sky",1,2023
"558588","Sacramento St.","825","Big Sky",1,2023
"559015","Weber St.","825","Big Sky",1,2023
"558548","Charleston So.","826","Big South",1,2023
"559055","Gardner-Webb","826","Big South",1,2023
"559108","High Point","826","Big South",1,2023
"559058","Presbyterian","826","Big South",1,2023
"559165","Radford","826","Big South",1,2023
"558873","UNC Asheville","826","Big South",1,2023
"559106","USC Upstate","826","Big South",1,2023
"559023","Winthrop","826","Big South",1,2023
"558741","Illinois","827","Big Ten",1,2023
"558744","Indiana","827","Big Ten",1,2023
"558788","Iowa","827","Big Ten",1,2023
"558833","Maryland","827","Big Ten",1,2023
"558841","Michigan","827","Big Ten",1,2023
"558840","Michigan St.","827","Big Ten",1,2023
"558843","Minnesota","827","Big Ten",1,2023
"558878","Nebraska","827","Big Ten",1,2023
"559123","Northwestern","827","Big Ten",1,2023
"559146","Ohio St.","827","Big Ten",1,2023
"559154","Penn St.","827","Big Ten",1,2023
"559163","Purdue","827","Big Ten",1,2023
"559190","Rutgers","827","Big Ten",1,2023
"559025","Wisconsin","827","Big Ten",1,2023
"558563","CSU Bakersfield","904","Big West",1,2023
"558587","CSUN","904","Big West",1,2023
"558562","Cal Poly","904","Big West",1,2023
"558565","Cal St. Fullerton","904","Big West",1,2023
"558732","Hawaii","904","Big West",1,2023
"558586","Long Beach St.","904","Big West",1,2023
"558591","UC Davis","904","Big West",1,2023
"558592","UC Irvine","904","Big West",1,2023
"558594","UC Riverside","904","Big West",1,2023
"558935","UC San Diego","904","Big West",1,2023
"558589","UC Santa Barbara","904","Big West",1,2023
"558595","Campbell","837","CAA",1,2023
"559053","Col. of Charleston","837","CAA",1,2023
"558639","Delaware","837","CAA",1,2023
"559054","Elon","837","CAA",1,2023
"558729","Hampton","837","CAA",1,2023
"558733","Hofstra","837","CAA",1,2023
"558930","N.C. A&T","837","CAA",1,2023
"559116","Northeastern","837","CAA",1,2023
"558941","Stony Brook","837","CAA",1,2023
"558978","Towson","837","CAA",1,2023
"558877","UNCW","837","CAA",1,2023
"559022","William & Mary","837","CAA",1,2023
"558695","FIU","24312","CUSA",1,2023
"558790","Jacksonville St.","24312","CUSA",1,2023
"558800","Liberty","24312","CUSA",1,2023
"558803","Louisiana Tech","24312","CUSA",1,2023
"558842","Middle Tenn.","24312","CUSA",1,2023
"558884","New Mexico St.","24312","CUSA",1,2023
"559198","Sam Houston","24312","CUSA",1,2023
"558975","UTEP","24312","CUSA",1,2023
"559019","Western Ky.","24312","CUSA",1,2023
"558600","Chicago St.","99000","DI Independent",1,2023
"558604","Cleveland St.","881","Horizon",1,2023
"559024","Green Bay","881","Horizon",1,2023
"559061","IU Indy","881","Horizon",1,2023
"559046","Milwaukee","881","Horizon",1,2023
"559121","Northern Ky.","881","Horizon",1,2023
"559125","Oakland","881","Horizon",1,2023
"558745","Purdue Fort Wayne","881","Horizon",1,2023
"559189","Robert Morris","881","Horizon",1,2023
"559047","Wright St.","881","Horizon",1,2023
"559051","Youngstown St.","881","Horizon",1,2023
"558557","Brown","865","Ivy League",1,2023
"558629","Columbia","865","Ivy League",1,2023
"558632","Cornell","865","Ivy League",1,2023
"558634","Dartmouth","865","Ivy League",1,2023
"558731","Harvard","865","Ivy League",1,2023
"559155","Penn","865","Ivy League",1,2023
"559161","Princeton","865","Ivy League",1,2023
"559050","Yale","865","Ivy League",1,2023
"558596","Canisius","871","MAAC",1,2023
"558691","Fairfield","871","MAAC",1,2023
"558786","Iona","871","MAAC",1,2023
"558828","Manhattan","871","MAAC",1,2023
"558829","Marist","871","MAAC",1,2023
"558927","Niagara","871","MAAC",1,2023
"559164","Quinnipiac","871","MAAC",1,2023
"559188","Rider","871","MAAC",1,2023
"559197","Saint Peter's","871","MAAC",1,2023
"559226","Siena","871","MAAC",1,2023
"557131","Akron","875","MAC",1,2023
"558547","Ball St.","875","MAC",1,2023
"558554","Bowling Green","875","MAC",1,2023
"558560","Buffalo","875","MAC",1,2023
"558599","Central Mich.","875","MAC",1,2023
"558688","Eastern Mich.","875","MAC",1,2023
"558795","Kent St.","875","MAC",1,2023
"558838","Miami (OH)","875","MAC",1,2023
"559119","NIU","875","MAC",1,2023
"559147","Ohio","875","MAC",1,2023
"558977","Toledo","875","MAC",1,2023
"559020","Western Mich.","875","MAC",1,2023
"558631","Coppin St.","876","MEAC",1,2023
"558638","Delaware St.","876","MEAC",1,2023
"558737","Howard","876","MEAC",1,2023
"558871","Morgan St.","876","MEAC",1,2023
"558931","N.C. Central","876","MEAC",1,2023
"558929","Norfolk St.","876","MEAC",1,2023
"559228","South Carolina St.","876","MEAC",1,2023
"558834","UMES","876","MEAC",1,2023
"559107","Belmont","884","MVC",1,2023
"558555","Bradley","884","MVC",1,2023
"558641","Drake","884","MVC",1,2023
"558690","Evansville","884","MVC",1,2023
"558740","Illinois St.","884","MVC",1,2023
"558743","Indiana St.","884","MVC",1,2023
"559242","Missouri St.","884","MVC",1,2023
"558872","Murray St.","884","MVC",1,2023
"559236","Southern Ill.","884","MVC",1,2023
"558742","UIC","884","MVC",1,2023
"559120","UNI","884","MVC",1,2023
"559007","Valparaiso","884","MVC",1,2023
"558982","Air Force","5486","Mountain West",1,2023
"558552","Boise St.","5486","Mountain West",1,2023
"558627","Colorado St.","5486","Mountain West",1,2023
"558564","Fresno St.","5486","Mountain West",1,2023
"558881","Nevada","5486","Mountain West",1,2023
"558885","New Mexico","5486","Mountain West",1,2023
"559200","San Diego St.","5486","Mountain West",1,2023
"559203","San Jose St.","5486","Mountain West",1,2023
"558880","UNLV","5486","Mountain West",1,2023
"558985","Utah St.","5486","Mountain West",1,2023
"559048","Wyoming","5486","Mountain West",1,2023
"558597","Central Conn. St.","846","NEC",1,2023
"558692","FDU","846","NEC",1,2023
"558801","LIU","846","NEC",1,2023
"559361","Le Moyne","846","NEC",1,2023
"559244","Merrimack","846","NEC",1,2023
"559191","Sacred Heart","846","NEC",1,2023
"559193","Saint Francis","846","NEC",1,2023
"559269","Stonehill","846","NEC",1,2023
"558686","Eastern Ill.","902","OVC",1,2023
"559271","Lindenwood","902","OVC",1,2023
"557144","Little Rock","902","OVC",1,2023
"558870","Morehead St.","902","OVC",1,2023
"559237","SIUE","902","OVC",1,2023
"559233","Southeast Mo. St.","902","OVC",1,2023
"559268","Southern Ind.","902","OVC",1,2023
"558944","Tennessee St.","902","OVC",1,2023
"558945","Tennessee Tech","902","OVC",1,2023
"558968","UT Martin","902","OVC",1,2023
"559018","Western Ill.","902","OVC",1,2023
"557141","Arizona","905","Pac-12",1,2023
"557140","Arizona St.","905","Pac-12",1,2023
"558590","California","905","Pac-12",1,2023
"558628","Colorado","905","Pac-12",1,2023
"559151","Oregon","905","Pac-12",1,2023
"559150","Oregon St.","905","Pac-12",1,2023
"559235","Southern California","905","Pac-12",1,2023
"558938","Stanford","905","Pac-12",1,2023
"558593","UCLA","905","Pac-12",1,2023
"559006","Utah","905","Pac-12",1,2023
"559014","Washington","905","Pac-12",1,2023
"559013","Washington St.","905","Pac-12",1,2023
"557138","American","838","Patriot",1,2023
"558983","Army West Point","838","Patriot",1,2023
"558559","Bucknell","838","Patriot",1,2023
"558626","Colgate","838","Patriot",1,2023
"558734","Holy Cross","838","Patriot",1,2023
"558797","Lafayette","838","Patriot",1,2023
"558799","Lehigh","838","Patriot",1,2023
"558805","Loyola Maryland","838","Patriot",1,2023
"558984","Navy","838","Patriot",1,2023
"557134","Alabama","911","SEC",1,2023
"557143","Arkansas","911","SEC",1,2023
"557145","Auburn","911","SEC",1,2023
"558697","Florida","911","SEC",1,2023
"558726","Georgia","911","SEC",1,2023
"558796","Kentucky","911","SEC",1,2023
"558802","LSU","911","SEC",1,2023
"558844","Mississippi St.","911","SEC",1,2023
"558867","Missouri","911","SEC",1,2023
"558866","Ole Miss","911","SEC",1,2023
"559229","South Carolina","911","SEC",1,2023
"558967","Tennessee","911","SEC",1,2023
"558969","Texas A&M","911","SEC",1,2023
"557132","Alabama A&M","916","SWAC",1,2023
"557133","Alabama St.","916","SWAC",1,2023
"557137","Alcorn","916","SWAC",1,2023
"559060","Ark.-Pine Bluff","916","SWAC",1,2023
"558550","Bethune-Cookman","916","SWAC",1,2023
"558693","Florida A&M","916","SWAC",1,2023
"558728","Grambling","916","SWAC",1,2023
"558789","Jackson St.","916","SWAC",1,2023
"558845","Mississippi Val.","916","SWAC",1,2023
"559160","Prairie View","916","SWAC",1,2023
"559240","Southern U.","916","SWAC",1,2023
"558971","Texas Southern","916","SWAC",1,2023
"558966","Chattanooga","912","SoCon",1,2023
"558645","ETSU","912","SoCon",1,2023
"558699","Furman","912","SoCon",1,2023
"558837","Mercer","912","SoCon",1,2023
"559199","Samford","912","SoCon",1,2023
"558602","The Citadel","912","SoCon",1,2023
"558876","UNC Greensboro","912","SoCon",1,2023
"559017","Western Caro.","912","SoCon",1,2023
"559065","Wofford","912","SoCon",1,2023
"559109","A&M-Corpus Christi","914","Southland",1,2023
"559267","East Texas A&M","914","Southland",1,2023
"558735","Houston Christian","914","Southland",1,2023
"558798","Lamar University","914","Southland",1,2023
"558835","McNeese","914","Southland",1,2023
"558926","New Orleans","914","Southland",1,2023
"558928","Nicholls","914","Southland",1,2023
"559122","Northwestern St.","914","Southland",1,2023
"559234","Southeastern La.","914","Southland",1,2023
"559064","UIW","914","Southland",1,2023
"558640","Denver","819","Summit League",1,2023
"559062","Kansas City","819","Summit League",1,2023
"559113","North Dakota","819","Summit League",1,2023
"559112","North Dakota St.","819","Summit League",1,2023
"558879","Omaha","819","Summit League",1,2023
"559149","Oral Roberts","819","Summit League",1,2023
"559231","South Dakota","819","Summit League",1,2023
"559230","South Dakota St.","819","Summit League",1,2023
"558933","St. Thomas (MN)","819","Summit League",1,2023
"557139","App State","818","Sun Belt",1,2023
"557142","Arkansas St.","818","Sun Belt",1,2023
"558605","Coastal Carolina","818","Sun Belt",1,2023
"558703","Ga. Southern","818","Sun Belt",1,2023
"558704","Georgia St.","818","Sun Belt",1,2023
"558792","James Madison","818","Sun Belt",1,2023
"558937","Louisiana","818","Sun Belt",1,2023
"558831","Marshall","818","Sun Belt",1,2023
"559266","Old Dominion","818","Sun Belt",1,2023
"559227","South Alabama","818","Sun Belt",1,2023
"559239","Southern Miss.","818","Sun Belt",1,2023
"559243","Texas St.","818","Sun Belt",1,2023
"558979","Troy","818","Sun Belt",1,2023
"559115","ULM","818","Sun Belt",1,2023
"557130","Abilene Christian","923","WAC",1,2023
"557129","California Baptist","923","WAC",1,2023
"559056","Grand Canyon","923","WAC",1,2023
"558939","SFA","923","WAC",1,2023
"559059","Seattle U","923","WAC",1,2023
"559241","Southern Utah","923","WAC",1,2023
"558936","Tarleton St.","923","WAC",1,2023
"558973","UT Arlington","923","WAC",1,2023
"559153","UTRGV","923","WAC",1,2023
"559245","Utah Tech","923","WAC",1,2023
"557127","Utah Valley","923","WAC",1,2023
"558727","Gonzaga","922","WCC",1,2023
"558826","LMU (CA)","922","WCC",1,2023
"559152","Pacific","922","WCC",1,2023
"559156","Pepperdine","922","WCC",1,2023
"559159","Portland","922","WCC",1,2023
"559196","Saint Mary's (CA)","922","WCC",1,2023
"559201","San Diego","922","WCC",1,2023
"559202","San Francisco","922","WCC",1,2023
"559204","Santa Clara","922","WCC",1,2023
"585146","Boston College","821","ACC",1,2024
"585163","California","821","ACC",1,2024
"585176","Clemson","821","ACC",1,2024
"585195","Duke","821","ACC",1,2024
"585209","Florida St.","821","ACC",1,2024
"585218","Georgia Tech","821","ACC",1,2024
"585256","Louisville","821","ACC",1,2024
"585271","Miami (FL)","821","ACC",1,2024
"585304","NC State","821","ACC",1,2024
"585286","North Carolina","821","ACC",1,2024
"585396","Notre Dame","821","ACC",1,2024
"585409","Pittsburgh","821","ACC",1,2024
"585449","SMU","821","ACC",1,2024
"585310","Stanford","821","ACC",1,2024
"585314","Syracuse","821","ACC",1,2024
"585343","Virginia","821","ACC",1,2024
"585342","Virginia Tech","821","ACC",1,2024
"585344","Wake Forest","821","ACC",1,2024
"585139","Austin Peay","920","ASUN",1,2024
"585306","Bellarmine","920","ASUN",1,2024
"585364","Central Ark.","920","ASUN",1,2024
"585200","Eastern Ky.","920","ASUN",1,2024
"585383","FGCU","920","ASUN",1,2024
"585243","Jacksonville","920","ASUN",1,2024
"585382","Lipscomb","920","ASUN",1,2024
"585121","North Ala.","920","ASUN",1,2024
"585375","North Florida","920","ASUN",1,2024
"585461","Queens (NC)","920","ASUN",1,2024
"585312","Stetson","920","ASUN",1,2024
"585544","West Ga.","920","ASUN",1,2024
"585144","Binghamton","845","America East",1,2024
"585151","Bryant","845","America East",1,2024
"585295","NJIT","845","America East",1,2024
"585294","New Hampshire","845","America East",1,2024
"585129","UAlbany","845","America East",1,2024
"585264","UMBC","845","America East",1,2024
"585287","Charlotte","823","American",1,2024
"585197","East Carolina","823","American",1,2024
"585207","Fla. Atlantic","823","American",1,2024
"585268","Memphis","823","American",1,2024
"585386","North Texas","823","American",1,2024
"585419","Rice","823","American",1,2024
"585443","South Fla.","823","American",1,2024
"585315","Temple","823","American",1,2024
"585332","Tulane","823","American",1,2024
"585333","Tulsa","823","American",1,2024
"585128","UAB","823","American",1,2024
"585328","UTSA","823","American",1,2024
"585353","Wichita St.","823","American",1,2024
"585188","Davidson","820","Atlantic 10",1,2024
"585189","Dayton","820","Atlantic 10",1,2024
"585196","Duquesne","820","Atlantic 10",1,2024
"585211","Fordham","820","Atlantic 10",1,2024
"585213","George Mason","820","Atlantic 10",1,2024
"585214","George Washington","820","Atlantic 10",1,2024
"585259","Loyola Chicago","820","Atlantic 10",1,2024
"585418","Rhode Island","820","Atlantic 10",1,2024
"585426","Saint Louis","820","Atlantic 10",1,2024
"585341","VCU","820","Atlantic 10",1,2024
"585134","Arizona","25354","Big 12",1,2024
"585133","Arizona St.","25354","Big 12",1,2024
"585149","BYU","25354","Big 12",1,2024
"585142","Baylor","25354","Big 12",1,2024
"585174","Cincinnati","25354","Big 12",1,2024
"585181","Colorado","25354","Big 12",1,2024
"585228","Houston","25354","Big 12",1,2024
"585239","Iowa St.","25354","Big 12",1,2024
"585246","Kansas","25354","Big 12",1,2024
"585245","Kansas St.","25354","Big 12",1,2024
"585322","TCU","25354","Big 12",1,2024
"585324","Texas Tech","25354","Big 12",1,2024
"585171","UCF","25354","Big 12",1,2024
"585338","Utah","25354","Big 12",1,2024
"585348","West Virginia","25354","Big 12",1,2024
"585154","Butler","30184","Big East",1,2024
"585186","Creighton","30184","Big East",1,2024
"585190","DePaul","30184","Big East",1,2024
"585215","Georgetown","30184","Big East",1,2024
"585262","Marquette","30184","Big East",1,2024
"585414","Providence","30184","Big East",1,2024
"585436","Seton Hall","30184","Big East",1,2024
"585425","St. John's (NY)","30184","Big East",1,2024
"585183","UConn","30184","Big East",1,2024
"585340","Villanova","30184","Big East",1,2024
"585361","Xavier","30184","Big East",1,2024
"585202","Eastern Wash.","825","Big Sky",1,2024
"585231","Idaho","825","Big Sky",1,2024
"585230","Idaho St.","825","Big Sky",1,2024
"585281","Montana","825","Big Sky",1,2024
"585280","Montana St.","825","Big Sky",1,2024
"585389","Northern Ariz.","825","Big Sky",1,2024
"585390","Northern Colo.","825","Big Sky",1,2024
"585410","Portland St.","825","Big Sky",1,2024
"585161","Sacramento St.","825","Big Sky",1,2024
"585347","Weber St.","825","Big Sky",1,2024
"585141","Charleston So.","826","Big South",1,2024
"585367","Gardner-Webb","826","Big South",1,2024
"585380","High Point","826","Big South",1,2024
"585370","Presbyterian","826","Big South",1,2024
"585417","Radford","826","Big South",1,2024
"585285","UNC Asheville","826","Big South",1,2024
"585378","USC Upstate","826","Big South",1,2024
"585355","Winthrop","826","Big South",1,2024
"585233","Illinois","827","Big Ten",1,2024
"585236","Indiana","827","Big Ten",1,2024
"585240","Iowa","827","Big Ten",1,2024
"585265","Maryland","827","Big Ten",1,2024
"585273","Michigan","827","Big Ten",1,2024
"585272","Michigan St.","827","Big Ten",1,2024
"585275","Minnesota","827","Big Ten",1,2024
"585290","Nebraska","827","Big Ten",1,2024
"585395","Northwestern","827","Big Ten",1,2024
"585398","Ohio St.","827","Big Ten",1,2024
"585403","Oregon","827","Big Ten",1,2024
"585406","Penn St.","827","Big Ten",1,2024
"585415","Purdue","827","Big Ten",1,2024
"585422","Rutgers","827","Big Ten",1,2024
"585446","Southern California","827","Big Ten",1,2024
"585166","UCLA","827","Big Ten",1,2024
"585346","Washington","827","Big Ten",1,2024
"585357","Wisconsin","827","Big Ten",1,2024
"585156","CSU Bakersfield","904","Big West",1,2024
"585160","CSUN","904","Big West",1,2024
"585155","Cal Poly","904","Big West",1,2024
"585158","Cal St. Fullerton","904","Big West",1,2024
"585224","Hawaii","904","Big West",1,2024
"585159","Long Beach St.","904","Big West",1,2024
"585164","UC Davis","904","Big West",1,2024
"585165","UC Irvine","904","Big West",1,2024
"585167","UC Riverside","904","Big West",1,2024
"585307","UC San Diego","904","Big West",1,2024
"585162","UC Santa Barbara","904","Big West",1,2024
"585168","Campbell","837","CAA",1,2024
"585365","Col. of Charleston","837","CAA",1,2024
"585192","Delaware","837","CAA",1,2024
"585366","Elon","837","CAA",1,2024
"585222","Hampton","837","CAA",1,2024
"585225","Hofstra","837","CAA",1,2024
"585302","N.C. A&T","837","CAA",1,2024
"585388","Northeastern","837","CAA",1,2024
"585313","Stony Brook","837","CAA",1,2024
"585330","Towson","837","CAA",1,2024
"585289","UNCW","837","CAA",1,2024
"585354","William & Mary","837","CAA",1,2024
"585208","FIU","24312","CUSA",1,2024
"585242","Jacksonville St.","24312","CUSA",1,2024
"585369","Kennesaw St.","24312","CUSA",1,2024
"585252","Liberty","24312","CUSA",1,2024
"585255","Louisiana Tech","24312","CUSA",1,2024
"585274","Middle Tenn.","24312","CUSA",1,2024
"585296","New Mexico St.","24312","CUSA",1,2024
"585429","Sam Houston","24312","CUSA",1,2024
"585327","UTEP","24312","CUSA",1,2024
"585351","Western Ky.","24312","CUSA",1,2024
"585177","Cleveland St.","881","Horizon",1,2024
"585356","Green Bay","881","Horizon",1,2024
"585373","IU Indy","881","Horizon",1,2024
"585358","Milwaukee","881","Horizon",1,2024
"585393","Northern Ky.","881","Horizon",1,2024
"585397","Oakland","881","Horizon",1,2024
"585237","Purdue Fort Wayne","881","Horizon",1,2024
"585421","Robert Morris","881","Horizon",1,2024
"585359","Wright St.","881","Horizon",1,2024
"585363","Youngstown St.","881","Horizon",1,2024
"585150","Brown","865","Ivy League",1,2024
"585182","Columbia","865","Ivy League",1,2024
"585185","Cornell","865","Ivy League",1,2024
"585187","Dartmouth","865","Ivy League",1,2024
"585223","Harvard","865","Ivy League",1,2024
"585407","Penn","865","Ivy League",1,2024
"585413","Princeton","865","Ivy League",1,2024
"585362","Yale","865","Ivy League",1,2024
"585169","Canisius","871","MAAC",1,2024
"585204","Fairfield","871","MAAC",1,2024
"585238","Iona","871","MAAC",1,2024
"585260","Manhattan","871","MAAC",1,2024
"585261","Marist","871","MAAC",1,2024
"585455","Merrimack","871","MAAC",1,2024
"585299","Niagara","871","MAAC",1,2024
"585416","Quinnipiac","871","MAAC",1,2024
"585420","Rider","871","MAAC",1,2024
"585423","Sacred Heart","871","MAAC",1,2024
"585428","Saint Peter's","871","MAAC",1,2024
"585437","Siena","871","MAAC",1,2024
"585124","Akron","875","MAC",1,2024
"585140","Ball St.","875","MAC",1,2024
"585147","Bowling Green","875","MAC",1,2024
"585153","Buffalo","875","MAC",1,2024
"585172","Central Mich.","875","MAC",1,2024
"585201","Eastern Mich.","875","MAC",1,2024
"585247","Kent St.","875","MAC",1,2024
"585270","Miami (OH)","875","MAC",1,2024
"585391","NIU","875","MAC",1,2024
"585399","Ohio","875","MAC",1,2024
"585329","Toledo","875","MAC",1,2024
"585352","Western Mich.","875","MAC",1,2024
"585184","Coppin St.","876","MEAC",1,2024
"585191","Delaware St.","876","MEAC",1,2024
"585229","Howard","876","MEAC",1,2024
"585283","Morgan St.","876","MEAC",1,2024
"585303","N.C. Central","876","MEAC",1,2024
"585301","Norfolk St.","876","MEAC",1,2024
"585439","South Carolina St.","876","MEAC",1,2024
"585266","UMES","876","MEAC",1,2024
"585379","Belmont","884","MVC",1,2024
"585148","Bradley","884","MVC",1,2024
"585194","Drake","884","MVC",1,2024
"585203","Evansville","884","MVC",1,2024
"585232","Illinois St.","884","MVC",1,2024
"585235","Indiana St.","884","MVC",1,2024
"585453","Missouri St.","884","MVC",1,2024
"585284","Murray St.","884","MVC",1,2024
"585447","Southern Ill.","884","MVC",1,2024
"585234","UIC","884","MVC",1,2024
"585392","UNI","884","MVC",1,2024
"585339","Valparaiso","884","MVC",1,2024
"585334","Air Force","5486","Mountain West",1,2024
"585145","Boise St.","5486","Mountain West",1,2024
"585180","Colorado St.","5486","Mountain West",1,2024
"585157","Fresno St.","5486","Mountain West",1,2024
"585293","Nevada","5486","Mountain West",1,2024
"585297","New Mexico","5486","Mountain West",1,2024
"585431","San Diego St.","5486","Mountain West",1,2024
"585434","San Jose St.","5486","Mountain West",1,2024
"585292","UNLV","5486","Mountain West",1,2024
"585337","Utah St.","5486","Mountain West",1,2024
"585360","Wyoming","5486","Mountain West",1,2024
"585170","Central Conn. St.","846","NEC",1,2024
"585173","Chicago St.","846","NEC",1,2024
"585205","FDU","846","NEC",1,2024
"585253","LIU","846","NEC",1,2024
"585119","Le Moyne","846","NEC",1,2024
"585497","Mercyhurst","846","NEC",1,2024
"585424","Saint Francis","846","NEC",1,2024
"585460","Stonehill","846","NEC",1,2024
"585199","Eastern Ill.","902","OVC",1,2024
"585462","Lindenwood","902","OVC",1,2024
"585137","Little Rock","902","OVC",1,2024
"585282","Morehead St.","902","OVC",1,2024
"585448","SIUE","902","OVC",1,2024
"585444","Southeast Mo. St.","902","OVC",1,2024
"585459","Southern Ind.","902","OVC",1,2024
"585316","Tennessee St.","902","OVC",1,2024
"585317","Tennessee Tech","902","OVC",1,2024
"585320","UT Martin","902","OVC",1,2024
"585350","Western Ill.","902","OVC",1,2024
"585131","American","838","Patriot",1,2024
"585335","Army West Point","838","Patriot",1,2024
"585152","Bucknell","838","Patriot",1,2024
"585179","Colgate","838","Patriot",1,2024
"585226","Holy Cross","838","Patriot",1,2024
"585249","Lafayette","838","Patriot",1,2024
"585251","Lehigh","838","Patriot",1,2024
"585257","Loyola Maryland","838","Patriot",1,2024
"585336","Navy","838","Patriot",1,2024
"585127","Alabama","911","SEC",1,2024
"585136","Arkansas","911","SEC",1,2024
"585138","Auburn","911","SEC",1,2024
"585210","Florida","911","SEC",1,2024
"585219","Georgia","911","SEC",1,2024
"585248","Kentucky","911","SEC",1,2024
"585254","LSU","911","SEC",1,2024
"585276","Mississippi St.","911","SEC",1,2024
"585279","Missouri","911","SEC",1,2024
"585400","Oklahoma","911","SEC",1,2024
"585278","Ole Miss","911","SEC",1,2024
"585440","South Carolina","911","SEC",1,2024
"585319","Tennessee","911","SEC",1,2024
"585326","Texas","911","SEC",1,2024
"585321","Texas A&M","911","SEC",1,2024
"598395","Vanderbilt","911","SEC",1,2024
"585125","Alabama A&M","916","SWAC",1,2024
"585126","Alabama St.","916","SWAC",1,2024
"585130","Alcorn","916","SWAC",1,2024
"585372","Ark.-Pine Bluff","916","SWAC",1,2024
"585143","Bethune-Cookman","916","SWAC",1,2024
"585206","Florida A&M","916","SWAC",1,2024
"585221","Grambling","916","SWAC",1,2024
"585241","Jackson St.","916","SWAC",1,2024
"585277","Mississippi Val.","916","SWAC",1,2024
"585412","Prairie View","916","SWAC",1,2024
"585451","Southern U.","916","SWAC",1,2024
"585323","Texas Southern","916","SWAC",1,2024
"585318","Chattanooga","912","SoCon",1,2024
"585198","ETSU","912","SoCon",1,2024
"585212","Furman","912","SoCon",1,2024
"585269","Mercer","912","SoCon",1,2024
"585430","Samford","912","SoCon",1,2024
"585175","The Citadel","912","SoCon",1,2024
"585288","UNC Greensboro","912","SoCon",1,2024
"585349","Western Caro.","912","SoCon",1,2024
"585377","Wofford","912","SoCon",1,2024
"585381","A&M-Corpus Christi","914","Southland",1,2024
"585458","East Texas A&M","914","Southland",1,2024
"585227","Houston Christian","914","Southland",1,2024
"585250","Lamar University","914","Southland",1,2024
"585267","McNeese","914","Southland",1,2024
"585298","New Orleans","914","Southland",1,2024
"585300","Nicholls","914","Southland",1,2024
"585394","Northwestern St.","914","Southland",1,2024
"585311","SFA","914","Southland",1,2024
"585445","Southeastern La.","914","Southland",1,2024
"585376","UIW","914","Southland",1,2024
"585405","UTRGV","914","Southland",1,2024
"585193","Denver","819","Summit League",1,2024
"585374","Kansas City","819","Summit League",1,2024
"585385","North Dakota","819","Summit League",1,2024
"585384","North Dakota St.","819","Summit League",1,2024
"585291","Omaha","819","Summit League",1,2024
"585401","Oral Roberts","819","Summit League",1,2024
"585442","South Dakota","819","Summit League",1,2024
"585441","South Dakota St.","819","Summit League",1,2024
"585305","St. Thomas (MN)","819","Summit League",1,2024
"585132","App State","818","Sun Belt",1,2024
"585135","Arkansas St.","818","Sun Belt",1,2024
"585178","Coastal Carolina","818","Sun Belt",1,2024
"585216","Ga. Southern","818","Sun Belt",1,2024
"585217","Georgia St.","818","Sun Belt",1,2024
"585244","James Madison","818","Sun Belt",1,2024
"585309","Louisiana","818","Sun Belt",1,2024
"585263","Marshall","818","Sun Belt",1,2024
"585457","Old Dominion","818","Sun Belt",1,2024
"585438","South Alabama","818","Sun Belt",1,2024
"585450","Southern Miss.","818","Sun Belt",1,2024
"585454","Texas St.","818","Sun Belt",1,2024
"585331","Troy","818","Sun Belt",1,2024
"585387","ULM","818","Sun Belt",1,2024
"585123","Abilene Christian","923","WAC",1,2024
"585122","California Baptist","923","WAC",1,2024
"585368","Grand Canyon","923","WAC",1,2024
"585371","Seattle U","923","WAC",1,2024
"585452","Southern Utah","923","WAC",1,2024
"585308","Tarleton St.","923","WAC",1,2024
"585325","UT Arlington","923","WAC",1,2024
"585456","Utah Tech","923","WAC",1,2024
"585120","Utah Valley","923","WAC",1,2024
"585220","Gonzaga","922","WCC",1,2024
"585258","LMU (CA)","922","WCC",1,2024
"585402","Oregon St.","922","WCC",1,2024
"585404","Pacific","922","WCC",1,2024
"585408","Pepperdine","922","WCC",1,2024
"585411","Portland","922","WCC",1,2024
"585427","Saint Mary's (CA)","922","WCC",1,2024
"585432","San Diego","922","WCC",1,2024
"585433","San Francisco","922","WCC",1,2024
"585435","Santa Clara","922","WCC",1,2024
"585345","Washington St.","922","WCC",1,2024
"604763","Boston College","821","ACC",1,2025
"604779","California","821","ACC",1,2025
"604791","Clemson","821","ACC",1,2025
"604805","Duke","821","ACC",1,2025
"604817","Florida St.","821","ACC",1,2025
"604826","Georgia Tech","821","ACC",1,2025
"604862","Louisville","821","ACC",1,2025
"604875","Miami (FL)","821","ACC",1,2025
"604906","NC State","821","ACC",1,2025
"604889","North Carolina","821","ACC",1,2025
"604987","Notre Dame","821","ACC",1,2025
"605080","Pittsburgh","821","ACC",1,2025
"605037","SMU","821","ACC",1,2025
"604912","Stanford","821","ACC",1,2025
"604916","Syracuse","821","ACC",1,2025
"604944","Virginia","821","ACC",1,2025
"604943","Virginia Tech","821","ACC",1,2025
"604945","Wake Forest","821","ACC",1,2025
"604756","Austin Peay","920","ASUN",1,2025
"604908","Bellarmine","920","ASUN",1,2025
"604961","Central Ark.","920","ASUN",1,2025
"604810","Eastern Ky.","920","ASUN",1,2025
"605077","FGCU","920","ASUN",1,2025
"604850","Jacksonville","920","ASUN",1,2025
"604975","Lipscomb","920","ASUN",1,2025
"604739","North Ala.","920","ASUN",1,2025
"604971","North Florida","920","ASUN",1,2025
"605048","Queens (NC)","920","ASUN",1,2025
"604914","Stetson","920","ASUN",1,2025
"605050","West Ga.","920","ASUN",1,2025
"604761","Binghamton","845","America East",1,2025
"604768","Bryant","845","America East",1,2025
"604897","NJIT","845","America East",1,2025
"605067","New Hampshire","845","America East",1,2025
"604747","UAlbany","845","America East",1,2025
"604868","UMBC","845","America East",1,2025
"604890","Charlotte","823","American",1,2025
"604807","East Carolina","823","American",1,2025
"604815","Fla. Atlantic","823","American",1,2025
"604872","Memphis","823","American",1,2025
"604978","North Texas","823","American",1,2025
"605008","Rice","823","American",1,2025
"605031","South Fla.","823","American",1,2025
"604917","Temple","823","American",1,2025
"604933","Tulane","823","American",1,2025
"604934","Tulsa","823","American",1,2025
"604746","UAB","823","American",1,2025
"604929","UTSA","823","American",1,2025
"605071","Wichita St.","823","American",1,2025
"604799","Davidson","820","Atlantic 10",1,2025
"604800","Dayton","820","Atlantic 10",1,2025
"604806","Duquesne","820","Atlantic 10",1,2025
"604819","Fordham","820","Atlantic 10",1,2025
"604821","George Mason","820","Atlantic 10",1,2025
"604822","George Washington","820","Atlantic 10",1,2025
"605065","Loyola Chicago","820","Atlantic 10",1,2025
"605007","Rhode Island","820","Atlantic 10",1,2025
"605015","Saint Louis","820","Atlantic 10",1,2025
"604942","VCU","820","Atlantic 10",1,2025
"604751","Arizona","25354","Big 12",1,2025
"605052","Arizona St.","25354","Big 12",1,2025
"604766","BYU","25354","Big 12",1,2025
"604759","Baylor","25354","Big 12",1,2025
"604789","Cincinnati","25354","Big 12",1,2025
"604793","Colorado","25354","Big 12",1,2025
"604835","Houston","25354","Big 12",1,2025
"604847","Iowa St.","25354","Big 12",1,2025
"604853","Kansas","25354","Big 12",1,2025
"604852","Kansas St.","25354","Big 12",1,2025
"604924","TCU","25354","Big 12",1,2025
"604926","Texas Tech","25354","Big 12",1,2025
"604787","UCF","25354","Big 12",1,2025
"604939","Utah","25354","Big 12",1,2025
"604949","West Virginia","25354","Big 12",1,2025
"604771","Butler","30184","Big East",1,2025
"605058","Creighton","30184","Big East",1,2025
"604801","DePaul","30184","Big East",1,2025
"604823","Georgetown","30184","Big East",1,2025
"604866","Marquette","30184","Big East",1,2025
"605003","Providence","30184","Big East",1,2025
"605025","Seton Hall","30184","Big East",1,2025
"605014","St. John's (NY)","30184","Big East",1,2025
"604795","UConn","30184","Big East",1,2025
"604941","Villanova","30184","Big East",1,2025
"604959","Xavier","30184","Big East",1,2025
"604812","Eastern Wash.","825","Big Sky",1,2025
"604838","Idaho","825","Big Sky",1,2025
"604837","Idaho St.","825","Big Sky",1,2025
"604885","Montana","825","Big Sky",1,2025
"604884","Montana St.","825","Big Sky",1,2025
"604981","Northern Ariz.","825","Big Sky",1,2025
"604982","Northern Colo.","825","Big Sky",1,2025
"604999","Portland St.","825","Big Sky",1,2025
"605053","Sacramento St.","825","Big Sky",1,2025
"604948","Weber St.","825","Big Sky",1,2025
"604758","Charleston So.","826","Big South",1,2025
"604963","Gardner-Webb","826","Big South",1,2025
"605075","High Point","826","Big South",1,2025
"604966","Presbyterian","826","Big South",1,2025
"605006","Radford","826","Big South",1,2025
"604888","UNC Asheville","826","Big South",1,2025
"604973","USC Upstate","826","Big South",1,2025
"604953","Winthrop","826","Big South",1,2025
"604840","Illinois","827","Big Ten",1,2025
"604843","Indiana","827","Big Ten",1,2025
"604844","Iowa","827","Big Ten",1,2025
"604869","Maryland","827","Big Ten",1,2025
"604877","Michigan","827","Big Ten",1,2025
"604876","Michigan St.","827","Big Ten",1,2025
"604879","Minnesota","827","Big Ten",1,2025
"604893","Nebraska","827","Big Ten",1,2025
"604986","Northwestern","827","Big Ten",1,2025
"604989","Ohio St.","827","Big Ten",1,2025
"604994","Oregon","827","Big Ten",1,2025
"605079","Penn St.","827","Big Ten",1,2025
"605004","Purdue","827","Big Ten",1,2025
"605011","Rutgers","827","Big Ten",1,2025
"605034","Southern California","827","Big Ten",1,2025
"604782","UCLA","827","Big Ten",1,2025
"604947","Washington","827","Big Ten",1,2025
"604955","Wisconsin","827","Big Ten",1,2025
"604773","CSU Bakersfield","904","Big West",1,2025
"604777","CSUN","904","Big West",1,2025
"604772","Cal Poly","904","Big West",1,2025
"604775","Cal St. Fullerton","904","Big West",1,2025
"605062","Hawaii","904","Big West",1,2025
"604776","Long Beach St.","904","Big West",1,2025
"604780","UC Davis","904","Big West",1,2025
"604781","UC Irvine","904","Big West",1,2025
"604783","UC Riverside","904","Big West",1,2025
"604909","UC San Diego","904","Big West",1,2025
"604778","UC Santa Barbara","904","Big West",1,2025
"604784","Campbell","837","CAA",1,2025
"605073","Col. of Charleston","837","CAA",1,2025
"604962","Elon","837","CAA",1,2025
"604830","Hampton","837","CAA",1,2025
"604832","Hofstra","837","CAA",1,2025
"604904","N.C. A&T","837","CAA",1,2025
"604980","Northeastern","837","CAA",1,2025
"604915","Stony Brook","837","CAA",1,2025
"604931","Towson","837","CAA",1,2025
"604892","UNCW","837","CAA",1,2025
"604952","William & Mary","837","CAA",1,2025
"604802","Delaware","24312","CUSA",1,2025
"604816","FIU","24312","CUSA",1,2025
"604849","Jacksonville St.","24312","CUSA",1,2025
"604965","Kennesaw St.","24312","CUSA",1,2025
"604858","Liberty","24312","CUSA",1,2025
"604861","Louisiana Tech","24312","CUSA",1,2025
"604878","Middle Tenn.","24312","CUSA",1,2025
"605041","Missouri St.","24312","CUSA",1,2025
"604898","New Mexico St.","24312","CUSA",1,2025
"605018","Sam Houston","24312","CUSA",1,2025
"604928","UTEP","24312","CUSA",1,2025
"605069","Western Ky.","24312","CUSA",1,2025
"605055","Cleveland St.","881","Horizon",1,2025
"604954","Green Bay","881","Horizon",1,2025
"604969","IU Indy","881","Horizon",1,2025
"604956","Milwaukee","881","Horizon",1,2025
"604984","Northern Ky.","881","Horizon",1,2025
"604988","Oakland","881","Horizon",1,2025
"604845","Purdue Fort Wayne","881","Horizon",1,2025
"605010","Robert Morris","881","Horizon",1,2025
"604957","Wright St.","881","Horizon",1,2025
"604960","Youngstown St.","881","Horizon",1,2025
"604767","Brown","865","Ivy League",1,2025
"604794","Columbia","865","Ivy League",1,2025
"604797","Cornell","865","Ivy League",1,2025
"604798","Dartmouth","865","Ivy League",1,2025
"604831","Harvard","865","Ivy League",1,2025
"604997","Penn","865","Ivy League",1,2025
"605002","Princeton","865","Ivy League",1,2025
"605072","Yale","865","Ivy League",1,2025
"604785","Canisius","871","MAAC",1,2025
"605060","Fairfield","871","MAAC",1,2025
"604846","Iona","871","MAAC",1,2025
"604864","Manhattan","871","MAAC",1,2025
"604865","Marist","871","MAAC",1,2025
"605042","Merrimack","871","MAAC",1,2025
"604901","Niagara","871","MAAC",1,2025
"605005","Quinnipiac","871","MAAC",1,2025
"605009","Rider","871","MAAC",1,2025
"605012","Sacred Heart","871","MAAC",1,2025
"605017","Saint Peter's","871","MAAC",1,2025
"605026","Siena","871","MAAC",1,2025
"604742","Akron","875","MAC",1,2025
"604757","Ball St.","875","MAC",1,2025
"604764","Bowling Green","875","MAC",1,2025
"604770","Buffalo","875","MAC",1,2025
"604788","Central Mich.","875","MAC",1,2025
"604811","Eastern Mich.","875","MAC",1,2025
"604854","Kent St.","875","MAC",1,2025
"604874","Miami (OH)","875","MAC",1,2025
"604983","NIU","875","MAC",1,2025
"604990","Ohio","875","MAC",1,2025
"604930","Toledo","875","MAC",1,2025
"605070","Western Mich.","875","MAC",1,2025
"604796","Coppin St.","876","MEAC",1,2025
"605059","Delaware St.","876","MEAC",1,2025
"604836","Howard","876","MEAC",1,2025
"604886","Morgan St.","876","MEAC",1,2025
"604905","N.C. Central","876","MEAC",1,2025
"604903","Norfolk St.","876","MEAC",1,2025
"605028","South Carolina St.","876","MEAC",1,2025
"604870","UMES","876","MEAC",1,2025
"604974","Belmont","884","MVC",1,2025
"604765","Bradley","884","MVC",1,2025
"604804","Drake","884","MVC",1,2025
"604813","Evansville","884","MVC",1,2025
"604839","Illinois St.","884","MVC",1,2025
"604842","Indiana St.","884","MVC",1,2025
"604887","Murray St.","884","MVC",1,2025
"605035","Southern Ill.","884","MVC",1,2025
"604841","UIC","884","MVC",1,2025
"605078","UNI","884","MVC",1,2025
"604940","Valparaiso","884","MVC",1,2025
"604935","Air Force","5486","Mountain West",1,2025
"604762","Boise St.","5486","Mountain West",1,2025
"605057","Colorado St.","5486","Mountain West",1,2025
"604774","Fresno St.","5486","Mountain West",1,2025
"604964","Grand Canyon","5486","Mountain West",1,2025
"604896","Nevada","5486","Mountain West",1,2025
"604899","New Mexico","5486","Mountain West",1,2025
"605020","San Diego St.","5486","Mountain West",1,2025
"605023","San Jose St.","5486","Mountain West",1,2025
"604895","UNLV","5486","Mountain West",1,2025
"604938","Utah St.","5486","Mountain West",1,2025
"604958","Wyoming","5486","Mountain West",1,2025
"604786","Central Conn. St.","846","NEC",1,2025
"605054","Chicago St.","846","NEC",1,2025
"604814","FDU","846","NEC",1,2025
"604859","LIU","846","NEC",1,2025
"604737","Le Moyne","846","NEC",1,2025
"605049","Mercyhurst","846","NEC",1,2025
"605124","New Haven","846","NEC",1,2025
"605013","Saint Francis","846","NEC",1,2025
"605047","Stonehill","846","NEC",1,2025
"604809","Eastern Ill.","902","OVC",1,2025
"605083","Lindenwood","902","OVC",1,2025
"604754","Little Rock","902","OVC",1,2025
"605066","Morehead St.","902","OVC",1,2025
"605036","SIUE","902","OVC",1,2025
"605032","Southeast Mo. St.","902","OVC",1,2025
"605046","Southern Ind.","902","OVC",1,2025
"604918","Tennessee St.","902","OVC",1,2025
"604919","Tennessee Tech","902","OVC",1,2025
"604922","UT Martin","902","OVC",1,2025
"604951","Western Ill.","902","OVC",1,2025
"604749","American","838","Patriot",1,2025
"604936","Army West Point","838","Patriot",1,2025
"604769","Bucknell","838","Patriot",1,2025
"605056","Colgate","838","Patriot",1,2025
"604833","Holy Cross","838","Patriot",1,2025
"604855","Lafayette","838","Patriot",1,2025
"604857","Lehigh","838","Patriot",1,2025
"604863","Loyola Maryland","838","Patriot",1,2025
"604937","Navy","838","Patriot",1,2025
"604745","Alabama","911","SEC",1,2025
"604753","Arkansas","911","SEC",1,2025
"604755","Auburn","911","SEC",1,2025
"604818","Florida","911","SEC",1,2025
"604827","Georgia","911","SEC",1,2025
"605063","Kentucky","911","SEC",1,2025
"604860","LSU","911","SEC",1,2025
"604880","Mississippi St.","911","SEC",1,2025
"604883","Missouri","911","SEC",1,2025
"604991","Oklahoma","911","SEC",1,2025
"604882","Ole Miss","911","SEC",1,2025
"605029","South Carolina","911","SEC",1,2025
"604921","Tennessee","911","SEC",1,2025
"604927","Texas","911","SEC",1,2025
"604923","Texas A&M","911","SEC",1,2025
"605051","Vanderbilt","911","SEC",1,2025
"604743","Alabama A&M","916","SWAC",1,2025
"604744","Alabama St.","916","SWAC",1,2025
"604748","Alcorn","916","SWAC",1,2025
"604968","Ark.-Pine Bluff","916","SWAC",1,2025
"604760","Bethune-Cookman","916","SWAC",1,2025
"605061","Florida A&M","916","SWAC",1,2025
"604829","Grambling","916","SWAC",1,2025
"604848","Jackson St.","916","SWAC",1,2025
"604881","Mississippi Val.","916","SWAC",1,2025
"605001","Prairie View","916","SWAC",1,2025
"605039","Southern U.","916","SWAC",1,2025
"604925","Texas Southern","916","SWAC",1,2025
"604920","Chattanooga","912","SoCon",1,2025
"604808","ETSU","912","SoCon",1,2025
"604820","Furman","912","SoCon",1,2025
"604873","Mercer","912","SoCon",1,2025
"605019","Samford","912","SoCon",1,2025
"604790","The Citadel","912","SoCon",1,2025
"604891","UNC Greensboro","912","SoCon",1,2025
"604950","Western Caro.","912","SoCon",1,2025
"605074","Wofford","912","SoCon",1,2025
"605076","A&M-Corpus Christi","914","Southland",1,2025
"605045","East Texas A&M","914","Southland",1,2025
"604834","Houston Christian","914","Southland",1,2025
"604856","Lamar University","914","Southland",1,2025
"604871","McNeese","914","Southland",1,2025
"604900","New Orleans","914","Southland",1,2025
"604902","Nicholls","914","Southland",1,2025
"604985","Northwestern St.","914","Southland",1,2025
"604913","SFA","914","Southland",1,2025
"605033","Southeastern La.","914","Southland",1,2025
"604972","UIW","914","Southland",1,2025
"604996","UTRGV","914","Southland",1,2025
"604803","Denver","819","Summit League",1,2025
"604970","Kansas City","819","Summit League",1,2025
"604977","North Dakota","819","Summit League",1,2025
"604976","North Dakota St.","819","Summit League",1,2025
"604894","Omaha","819","Summit League",1,2025
"604992","Oral Roberts","819","Summit League",1,2025
"605081","South Dakota","819","Summit League",1,2025
"605030","South Dakota St.","819","Summit League",1,2025
"604907","St. Thomas (MN)","819","Summit League",1,2025
"604750","App State","818","Sun Belt",1,2025
"604752","Arkansas St.","818","Sun Belt",1,2025
"604792","Coastal Carolina","818","Sun Belt",1,2025
"604824","Ga. Southern","818","Sun Belt",1,2025
"604825","Georgia St.","818","Sun Belt",1,2025
"604851","James Madison","818","Sun Belt",1,2025
"604911","Louisiana","818","Sun Belt",1,2025
"604867","Marshall","818","Sun Belt",1,2025
"605044","Old Dominion","818","Sun Belt",1,2025
"605027","South Alabama","818","Sun Belt",1,2025
"605038","Southern Miss.","818","Sun Belt",1,2025
"605082","Texas St.","818","Sun Belt",1,2025
"604932","Troy","818","Sun Belt",1,2025
"604979","ULM","818","Sun Belt",1,2025
"604741","Abilene Christian","923","WAC",1,2025
"604740","California Baptist","923","WAC",1,2025
"605040","Southern Utah","923","WAC",1,2025
"604910","Tarleton St.","923","WAC",1,2025
"605068","UT Arlington","923","WAC",1,2025
"605043","Utah Tech","923","WAC",1,2025
"604738","Utah Valley","923","WAC",1,2025
"604828","Gonzaga","922","WCC",1,2025
"605064","LMU (CA)","922","WCC",1,2025
"604993","Oregon St.","922","WCC",1,2025
"604995","Pacific","922","WCC",1,2025
"604998","Pepperdine","922","WCC",1,2025
"605000","Portland","922","WCC",1,2025
"605016","Saint Mary's (CA)","922","WCC",1,2025
"605021","San Diego","922","WCC",1,2025
"605022","San Francisco","922","WCC",1,2025
"605024","Santa Clara","922","WCC",1,2025
"604967","Seattle U","922","WCC",1,2025
"604946","Washington St.","922","WCC",1,2025
"504774","Alliance","28752","CACC",2,2020
"504735","Bloomfield","28752","CACC",2,2020
"504737","Caldwell","28752","CACC",2,2020
"504841","Chestnut Hill","28752","CACC",2,2020
"504640","Concordia (NY)","28752","CACC",2,2020
"504813","Dominican (NY)","28752","CACC",2,2020
"504842","Felician","28752","CACC",2,2020
"504815","Georgian Court","28752","CACC",2,2020
"504806","Goldey-Beacom","28752","CACC",2,2020
"504760","Holy Family","28752","CACC",2,2020
"504696","Jefferson","28752","CACC",2,2020
"504778","Post","28752","CACC",2,2020
"504846","USciences","28752","CACC",2,2020
"504794","Wilmington (DE)","28752","CACC",2,2020
"504627","CSUSB","828","CCAA",2,2020
"504658","Cal Poly Humboldt","828","CCAA",2,2020
"504625","Cal Poly Pomona","828","CCAA",2,2020
"504626","Cal St. Dom. Hills","828","CCAA",2,2020
"504630","Cal St. East Bay","828","CCAA",2,2020
"504854","Cal St. Monterey Bay","828","CCAA",2,2020
"504897","Cal St. San Marcos","828","CCAA",2,2020
"504631","Cal State LA","828","CCAA",2,2020
"504629","Chico St.","828","CCAA",2,2020
"504708","San Fran. St.","828","CCAA",2,2020
"504713","Sonoma St.","828","CCAA",2,2020
"504632","Stanislaus St.","828","CCAA",2,2020
"504623","Bowie St.","832","CIAA",2,2020
"504856","Claflin","832","CIAA",2,2020
"504648","Elizabeth City St.","832","CIAA",2,2020
"504649","Fayetteville St.","832","CIAA",2,2020
"504661","Johnson C. Smith","832","CIAA",2,2020
"504670","Lincoln (PA)","832","CIAA",2,2020
"504672","Livingstone","832","CIAA",2,2020
"504704","Saint Augustine's","832","CIAA",2,2020
"504710","Shaw","832","CIAA",2,2020
"504723","Virginia St.","832","CIAA",2,2020
"504724","Virginia Union","832","CIAA",2,2020
"504730","Winston-Salem","832","CIAA",2,2020
"504838","Barton","4423","Conference Carolinas",2,2020
"504797","Belmont Abbey","4423","Conference Carolinas",2,2020
"504811","Chowan","4423","Conference Carolinas",2,2020
"504812","Converse","4423","Conference Carolinas",2,2020
"504896","Emmanuel (GA)","4423","Conference Carolinas",2,2020
"504751","Erskine","4423","Conference Carolinas",2,2020
"504852","King (TN)","4423","Conference Carolinas",2,2020
"504836","Lees-McRae","4423","Conference Carolinas",2,2020
"504770","Mount Olive","4423","Conference Carolinas",2,2020
"504820","North Greenville","4423","Conference Carolinas",2,2020
"504895","Southern Wesleyan","4423","Conference Carolinas",2,2020
"504736","Bluefield St.","99010","DII Independent",2,2020
"504796","P.R.-Bayamon","99010","DII Independent",2,2020
"504843","P.R.-Mayaguez","99010","DII Independent",2,2020
"504800","P.R.-Rio Piedras","99010","DII Independent",2,2020
"504839","Salem (WV)","99010","DII Independent",2,2020
"504624","Bridgeport","11265","ECC",2,2020
"505153","D'Youville","11265","ECC",2,2020
"504889","Daemen","11265","ECC",2,2020
"504676","Mercy","11265","ECC",2,2020
"504686","Molloy","11265","ECC",2,2020
"504698","Queens (NY)","11265","ECC",2,2020
"504885","Roberts Wesleyan","11265","ECC",2,2020
"504870","Cedarville","30182","G-MAC",2,2020
"504753","Findlay","30182","G-MAC",2,2020
"504657","Hillsdale","30182","G-MAC",2,2020
"504663","Ky. Wesleyan","30182","G-MAC",2,2020
"504802","Lake Erie","30182","G-MAC",2,2020
"504877","Malone","30182","G-MAC",2,2020
"504867","Ohio Dominican","30182","G-MAC",2,2020
"504837","Ohio Valley","30182","G-MAC",2,2020
"504787","Tiffin","30182","G-MAC",2,2020
"504847","Trevecca Nazarene","30182","G-MAC",2,2020
"504880","Ursuline","30182","G-MAC",2,2020
"504881","Walsh","30182","G-MAC",2,2020
"504807","Ark.-Monticello","30144","GAC",2,2020
"504734","Arkansas Tech","30144","GAC",2,2020
"504814","East Central","30144","GAC",2,2020
"504758","Harding","30144","GAC",2,2020
"504759","Henderson St.","30144","GAC",2,2020
"504892","Northwestern Okla.","30144","GAC",2,2020
"504900","Okla. Baptist","30144","GAC",2,2020
"504776","Ouachita Baptist","30144","GAC",2,2020
"504784","Southeastern Okla.","30144","GAC",2,2020
"504785","Southern Ark.","30144","GAC",2,2020
"504887","Southern Nazarene","30144","GAC",2,2020
"504810","Southwestern Okla.","30144","GAC",2,2020
"504614","Ashland","854","GLIAC",2,2020
"504831","Davenport","854","GLIAC",2,2020
"504650","Ferris St.","854","GLIAC",2,2020
"504656","Grand Valley St.","854","GLIAC",2,2020
"504665","Lake Superior St.","854","GLIAC",2,2020
"504679","Michigan Tech","854","GLIAC",2,2020
"504690","Northern Mich.","854","GLIAC",2,2020
"504692","Northwood","854","GLIAC",2,2020
"504832","Purdue Northwest","854","GLIAC",2,2020
"504702","Saginaw Valley","854","GLIAC",2,2020
"504725","Wayne St. (MI)","854","GLIAC",2,2020
"504731","Wis.-Parkside","854","GLIAC",2,2020
"504749","Drury","855","GLVC",2,2020
"504851","Ill. Springfield","855","GLVC",2,2020
"504669","Lewis","855","GLVC",2,2020
"504876","Lindenwood","855","GLVC",2,2020
"504675","Maryville (MO)","855","GLVC",2,2020
"504878","McKendree","855","GLVC",2,2020
"504684","Missouri S&T","855","GLVC",2,2020
"504685","Mo.-St. Louis","855","GLVC",2,2020
"504699","Quincy","855","GLVC",2,2020
"504779","Rockhurst","855","GLVC",2,2020
"504715","Southern Ind.","855","GLVC",2,2020
"504803","Southwest Baptist","855","GLVC",2,2020
"504689","Truman St.","855","GLVC",2,2020
"504660","UIndy","855","GLVC",2,2020
"504868","William Jewell","855","GLVC",2,2020
"504609","Alas. Anchorage","30012","Great Northwest",2,2020
"504610","Alas. Fairbanks","30012","Great Northwest",2,2020
"504742","Central Wash.","30012","Great Northwest",2,2020
"504644","Mont. St. Billings","30012","Great Northwest",2,2020
"504773","Northwest Nazarene","30012","Great Northwest",2,2020
"504781","Saint Martin's","30012","Great Northwest",2,2020
"504709","Seattle Pacific","30012","Great Northwest",2,2020
"504873","Simon Fraser","30012","Great Northwest",2,2020
"504792","Western Ore.","30012","Great Northwest",2,2020
"504793","Western Wash.","30012","Great Northwest",2,2020
"504862","AUM","858","Gulf South",2,2020
"504745","Christian Brothers","858","Gulf South",2,2020
"504848","Lee","858","Gulf South",2,2020
"504683","Mississippi Col.","858","Gulf South",2,2020
"504768","Montevallo","858","Gulf South",2,2020
"504886","Shorter","858","Gulf South",2,2020
"504608","UAH","858","Gulf South",2,2020
"504888","Union (TN)","858","Gulf South",2,2020
"504722","Valdosta St.","858","Gulf South",2,2020
"504671","West Ala.","858","Gulf South",2,2020
"504829","West Florida","858","Gulf South",2,2020
"504727","West Ga.","858","Gulf South",2,2020
"504613","Angelo St.","868","Lone Star",2,2020
"504865","Ark.-Fort Smith","868","Lone Star",2,2020
"504738","Cameron","868","Lone Star",2,2020
"504748","DBU","868","Lone Star",2,2020
"504643","East Texas A&M","868","Lone Star",2,2020
"504645","Eastern N.M.","868","Lone Star",2,2020
"504891","Lubbock Christian","868","Lone Star",2,2020
"504767","Midwestern St.","868","Lone Star",2,2020
"512170","Okla. Christian","868","Lone Star",2,2020
"504780","St. Edward's","868","Lone Star",2,2020
"504782","St. Mary's (TX)","868","Lone Star",2,2020
"504860","Tex. A&M Int'l","868","Lone Star",2,2020
"504718","Tex. A&M-Kingsville","868","Lone Star",2,2020
"504719","Texas Woman's","868","Lone Star",2,2020
"504859","UT Permian Basin","868","Lone Star",2,2020
"504628","UT Tyler","868","Lone Star",2,2020
"504728","West Tex. A&M","868","Lone Star",2,2020
"504791","Western N.M.","868","Lone Star",2,2020
"504733","Alderson Broaddus","30183","MEC",2,2020
"504744","Charleston (WV)","30183","MEC",2,2020
"504747","Concord","30183","MEC",2,2020
"504641","Davis & Elkins","30183","MEC",2,2020
"504752","Fairmont St.","30183","MEC",2,2020
"504605","Frostburg St.","30183","MEC",2,2020
"504757","Glenville St.","30183","MEC",2,2020
"504872","Notre Dame (OH)","30183","MEC",2,2020
"504789","West Liberty","30183","MEC",2,2020
"504821","West Va. Wesleyan","30183","MEC",2,2020
"504790","West Virginia St.","30183","MEC",2,2020
"504833","Wheeling","30183","MEC",2,2020
"504635","Central Mo.","883","Mid-America Intercollegiate",2,2020
"504741","Central Okla.","883","Mid-America Intercollegiate",2,2020
"504750","Emporia St.","883","Mid-America Intercollegiate",2,2020
"504816","Fort Hays St.","883","Mid-America Intercollegiate",2,2020
"504818","Missouri Western","883","Mid-America Intercollegiate",2,2020
"504817","Mo. Southern St.","883","Mid-America Intercollegiate",2,2020
"504761","Neb.-Kearney","883","Mid-America Intercollegiate",2,2020
"504853","Newman","883","Mid-America Intercollegiate",2,2020
"504691","Northwest Mo. St.","883","Mid-America Intercollegiate",2,2020
"504777","Pittsburg St.","883","Mid-America Intercollegiate",2,2020
"504805","Washburn","883","Mid-America Intercollegiate",2,2020
"504607","Adelphi","899","NE10",2,2020
"504612","American Int'l","899","NE10",2,2020
"504615","Assumption","899","NE10",2,2020
"504622","Bentley","899","NE10",2,2020
"504654","Franklin Pierce","899","NE10",2,2020
"504667","Le Moyne","899","NE10",2,2020
"504688","New Haven","899","NE10",2,2020
"504693","Pace","899","NE10",2,2020
"504707","Saint Michael's","899","NE10",2,2020
"504783","Saint Rose","899","NE10",2,2020
"504714","Southern Conn. St.","899","NE10",2,2020
"504687","Southern N.H.","899","NE10",2,2020
"504703","St. Anselm","899","NE10",2,2020
"504716","Stonehill","899","NE10",2,2020
"504617","Augustana (SD)","12853","NSIC",2,2020
"504620","Bemidji St.","12853","NSIC",2,2020
"504819","Concordia-St. Paul","12853","NSIC",2,2020
"504769","MSU Moorhead","12853","NSIC",2,2020
"504858","Mary","12853","NSIC",2,2020
"504682","Minn. Duluth","12853","NSIC",2,2020
"504845","Minn.-Crookston","12853","NSIC",2,2020
"504674","Minnesota St.","12853","NSIC",2,2020
"504871","Minot St.","12853","NSIC",2,2020
"504772","Northern St.","12853","NSIC",2,2020
"504874","Sioux Falls","12853","NSIC",2,2020
"504809","Southwest Minn. St.","12853","NSIC",2,2020
"504705","St. Cloud St.","12853","NSIC",2,2020
"504721","Upper Iowa","12853","NSIC",2,2020
"504788","Wayne St. (NE)","12853","NSIC",2,2020
"504729","Winona St.","12853","NSIC",2,2020
"504902","Bloomsburg","906","PSAC",2,2020
"504633","California (PA)","906","PSAC",2,2020
"504637","Clarion","906","PSAC",2,2020
"504642","East Stroudsburg","906","PSAC",2,2020
"504647","Edinboro","906","PSAC",2,2020
"504655","Gannon","906","PSAC",2,2020
"504659","Indiana (PA)","906","PSAC",2,2020
"504664","Kutztown","906","PSAC",2,2020
"504673","Lock Haven","906","PSAC",2,2020
"504677","Mercyhurst","906","PSAC",2,2020
"504681","Millersville","906","PSAC",2,2020
"504697","Pitt.-Johnstown","906","PSAC",2,2020
"504857","Seton Hill","906","PSAC",2,2020
"504824","Shepherd","906","PSAC",2,2020
"504711","Shippensburg","906","PSAC",2,2020
"504712","Slippery Rock","906","PSAC",2,2020
"504726","West Chester","906","PSAC",2,2020
"504869","Academy of Art","19591","PacWest",2,2020
"504882","Azusa Pacific","19591","PacWest",2,2020
"504830","Biola","19591","PacWest",2,2020
"504898","CUI","19591","PacWest",2,2020
"504636","Chaminade","19591","PacWest",2,2020
"504866","Dominican (CA)","19591","PacWest",2,2020
"504883","Fresno Pacific","19591","PacWest",2,2020
"504799","Hawaii Hilo","19591","PacWest",2,2020
"504798","Hawaii Pacific","19591","PacWest",2,2020
"504890","Holy Names","19591","PacWest",2,2020
"504884","Point Loma","19591","PacWest",2,2020
"504616","Augusta","12923","Peach Belt",2,2020
"504861","Flagler","12923","Peach Belt",2,2020
"504755","Francis Marion","12923","Peach Belt",2,2020
"504756","Georgia College","12923","Peach Belt",2,2020
"504762","Lander","12923","Peach Belt",2,2020
"504695","UNC Pembroke","12923","Peach Belt",2,2020
"504825","USC Aiken","12923","Peach Belt",2,2020
"505410","Young Harris","12923","Peach Belt",2,2020
"504732","Adams St.","13128","RMAC",2,2020
"504875","Black Hills St.","13128","RMAC",2,2020
"504801","CSU Pueblo","13128","RMAC",2,2020
"504743","Chadron St.","13128","RMAC",2,2020
"504826","Colo. Christian","13128","RMAC",2,2020
"504639","Colo. Sch. of Mines","13128","RMAC",2,2020
"504827","Colorado Mesa","13128","RMAC",2,2020
"504754","Fort Lewis","13128","RMAC",2,2020
"504678","MSU Denver","13128","RMAC",2,2020
"504808","N.M. Highlands","13128","RMAC",2,2020
"504700","Regis (CO)","13128","RMAC",2,2020
"504879","South Dakota Mines","13128","RMAC",2,2020
"504823","UCCS","13128","RMAC",2,2020
"504804","Western Colo.","13128","RMAC",2,2020
"504901","Westminster (UT)","13128","RMAC",2,2020
"504835","Anderson (SC)","12850","SAC",2,2020
"504739","Carson-Newman","12850","SAC",2,2020
"504740","Catawba","12850","SAC",2,2020
"504746","Coker","12850","SAC",2,2020
"504763","Lenoir-Rhyne","12850","SAC",2,2020
"504764","Limestone","12850","SAC",2,2020
"504765","Lincoln Memorial","12850","SAC",2,2020
"504766","Mars Hill","12850","SAC",2,2020
"504771","Newberry","12850","SAC",2,2020
"504828","Queens (NC)","12850","SAC",2,2020
"504834","Tusculum","12850","SAC",2,2020
"504893","UVA Wise","12850","SAC",2,2020
"504795","Wingate","12850","SAC",2,2020
"504611","Albany St. (GA)","913","SIAC",2,2020
"504621","Benedict","913","SIAC",2,2020
"504850","Central St. (OH)","913","SIAC",2,2020
"504638","Clark Atlanta","913","SIAC",2,2020
"504653","Fort Valley St.","913","SIAC",2,2020
"504662","Kentucky St.","913","SIAC",2,2020
"504666","Lane","913","SIAC",2,2020
"504668","LeMoyne-Owen","913","SIAC",2,2020
"504680","Miles","913","SIAC",2,2020
"504694","Paine","913","SIAC",2,2020
"504606","Savannah St.","913","SIAC",2,2020
"504894","Spring Hill","913","SIAC",2,2020
"504720","Tuskegee","913","SIAC",2,2020
"504618","Barry","919","Sunshine State",2,2020
"504646","Eckerd","919","Sunshine State",2,2020
"504822","Embry-Riddle (FL)","919","Sunshine State",2,2020
"504652","Fla. Southern","919","Sunshine State",2,2020
"504651","Florida Tech","919","Sunshine State",2,2020
"504840","Lynn","919","Sunshine State",2,2020
"504844","Nova Southeastern","919","Sunshine State",2,2020
"504849","Palm Beach Atl.","919","Sunshine State",2,2020
"504701","Rollins","919","Sunshine State",2,2020
"504706","Saint Leo","919","Sunshine State",2,2020
"504717","Tampa","919","Sunshine State",2,2020
"523476","Alliance","28752","CACC",2,2021
"523420","Bloomfield","28752","CACC",2,2021
"523423","Caldwell","28752","CACC",2,2021
"523569","Chestnut Hill","28752","CACC",2,2021
"523528","Dominican (NY)","28752","CACC",2,2021
"523586","Felician","28752","CACC",2,2021
"523531","Georgian Court","28752","CACC",2,2021
"523518","Goldey-Beacom","28752","CACC",2,2021
"523456","Holy Family","28752","CACC",2,2021
"523364","Jefferson","28752","CACC",2,2021
"523480","Post","28752","CACC",2,2021
"523591","USciences","28752","CACC",2,2021
"523501","Wilmington (DE)","28752","CACC",2,2021
"523265","CSUSB","828","CCAA",2,2021
"523309","Cal Poly Humboldt","828","CCAA",2,2021
"523262","Cal Poly Pomona","828","CCAA",2,2021
"523264","Cal St. Dom. Hills","828","CCAA",2,2021
"523270","Cal St. East Bay","828","CCAA",2,2021
"523603","Cal St. Monterey Bay","828","CCAA",2,2021
"523660","Cal St. San Marcos","828","CCAA",2,2021
"523271","Cal State LA","828","CCAA",2,2021
"523268","Chico St.","828","CCAA",2,2021
"523381","San Fran. St.","828","CCAA",2,2021
"523388","Sonoma St.","828","CCAA",2,2021
"523273","Stanislaus St.","828","CCAA",2,2021
"523260","Bowie St.","832","CIAA",2,2021
"523604","Claflin","832","CIAA",2,2021
"523295","Elizabeth City St.","832","CIAA",2,2021
"523296","Fayetteville St.","832","CIAA",2,2021
"523314","Johnson C. Smith","832","CIAA",2,2021
"523327","Lincoln (PA)","832","CIAA",2,2021
"523330","Livingstone","832","CIAA",2,2021
"523376","Saint Augustine's","832","CIAA",2,2021
"523384","Shaw","832","CIAA",2,2021
"523403","Virginia St.","832","CIAA",2,2021
"523404","Virginia Union","832","CIAA",2,2021
"523413","Winston-Salem","832","CIAA",2,2021
"523564","Barton","4423","Conference Carolinas",2,2021
"523506","Belmont Abbey","4423","Conference Carolinas",2,2021
"523525","Chowan","4423","Conference Carolinas",2,2021
"523526","Converse","4423","Conference Carolinas",2,2021
"523659","Emmanuel (GA)","4423","Conference Carolinas",2,2021
"523443","Erskine","4423","Conference Carolinas",2,2021
"523449","Francis Marion","4423","Conference Carolinas",2,2021
"523600","King (TN)","4423","Conference Carolinas",2,2021
"523561","Lees-McRae","4423","Conference Carolinas",2,2021
"523470","Mount Olive","4423","Conference Carolinas",2,2021
"523538","North Greenville","4423","Conference Carolinas",2,2021
"523657","Southern Wesleyan","4423","Conference Carolinas",2,2021
"523363","UNC Pembroke","4423","Conference Carolinas",2,2021
"523422","Bluefield St.","99010","DII Independent",2,2021
"523718","Emory & Henry","99010","DII Independent",2,2021
"523504","P.R.-Bayamon","99010","DII Independent",2,2021
"523587","P.R.-Mayaguez","99010","DII Independent",2,2021
"523510","P.R.-Rio Piedras","99010","DII Independent",2,2021
"523566","Salem (WV)","99010","DII Independent",2,2021
"523261","Bridgeport","11265","ECC",2,2021
"523667","D'Youville","11265","ECC",2,2021
"523648","Daemen","11265","ECC",2,2021
"523335","Mercy","11265","ECC",2,2021
"523350","Molloy","11265","ECC",2,2021
"523367","Queens (NY)","11265","ECC",2,2021
"523643","Roberts Wesleyan","11265","ECC",2,2021
"523583","Ashland","30182","G-MAC",2,2021
"523621","Cedarville","30182","G-MAC",2,2021
"523446","Findlay","30182","G-MAC",2,2021
"523308","Hillsdale","30182","G-MAC",2,2021
"523316","Ky. Wesleyan","30182","G-MAC",2,2021
"523512","Lake Erie","30182","G-MAC",2,2021
"523632","Malone","30182","G-MAC",2,2021
"523617","Ohio Dominican","30182","G-MAC",2,2021
"523491","Tiffin","30182","G-MAC",2,2021
"523593","Trevecca Nazarene","30182","G-MAC",2,2021
"523636","Ursuline","30182","G-MAC",2,2021
"523637","Walsh","30182","G-MAC",2,2021
"523519","Ark.-Monticello","30144","GAC",2,2021
"523419","Arkansas Tech","30144","GAC",2,2021
"523529","East Central","30144","GAC",2,2021
"523453","Harding","30144","GAC",2,2021
"523455","Henderson St.","30144","GAC",2,2021
"523652","Northwestern Okla.","30144","GAC",2,2021
"523663","Okla. Baptist","30144","GAC",2,2021
"523477","Ouachita Baptist","30144","GAC",2,2021
"523489","Southeastern Okla.","30144","GAC",2,2021
"523490","Southern Ark.","30144","GAC",2,2021
"523645","Southern Nazarene","30144","GAC",2,2021
"523524","Southwestern Okla.","30144","GAC",2,2021
"523554","Davenport","854","GLIAC",2,2021
"523298","Ferris St.","854","GLIAC",2,2021
"523306","Grand Valley St.","854","GLIAC",2,2021
"523320","Lake Superior St.","854","GLIAC",2,2021
"523339","Michigan Tech","854","GLIAC",2,2021
"523355","Northern Mich.","854","GLIAC",2,2021
"523358","Northwood","854","GLIAC",2,2021
"523556","Purdue Northwest","854","GLIAC",2,2021
"523373","Saginaw Valley","854","GLIAC",2,2021
"523406","Wayne St. (MI)","854","GLIAC",2,2021
"523415","Wis.-Parkside","854","GLIAC",2,2021
"523598","Ill. Springfield","855","GLVC",2,2021
"523325","Lewis","855","GLVC",2,2021
"523630","Lindenwood","855","GLVC",2,2021
"523334","Maryville (MO)","855","GLVC",2,2021
"523633","McKendree","855","GLVC",2,2021
"523347","Missouri S&T","855","GLVC",2,2021
"523348","Mo.-St. Louis","855","GLVC",2,2021
"523369","Quincy","855","GLVC",2,2021
"523482","Rockhurst","855","GLVC",2,2021
"523391","Southern Ind.","855","GLVC",2,2021
"523514","Southwest Baptist","855","GLVC",2,2021
"523354","Truman St.","855","GLVC",2,2021
"523312","UIndy","855","GLVC",2,2021
"523618","William Jewell","855","GLVC",2,2021
"523576","Alas. Anchorage","30012","Great Northwest",2,2021
"523577","Alas. Fairbanks","30012","Great Northwest",2,2021
"523430","Central Wash.","30012","Great Northwest",2,2021
"523289","Mont. St. Billings","30012","Great Northwest",2,2021
"523474","Northwest Nazarene","30012","Great Northwest",2,2021
"523484","Saint Martin's","30012","Great Northwest",2,2021
"523383","Seattle Pacific","30012","Great Northwest",2,2021
"523625","Simon Fraser","30012","Great Northwest",2,2021
"523499","Western Ore.","30012","Great Northwest",2,2021
"523500","Western Wash.","30012","Great Northwest",2,2021
"523613","AUM","858","Gulf South",2,2021
"523434","Christian Brothers","858","Gulf South",2,2021
"523594","Lee","858","Gulf South",2,2021
"523345","Mississippi Col.","858","Gulf South",2,2021
"523467","Montevallo","858","Gulf South",2,2021
"523644","Shorter","858","Gulf South",2,2021
"523574","UAH","858","Gulf South",2,2021
"523647","Union (TN)","858","Gulf South",2,2021
"523402","Valdosta St.","858","Gulf South",2,2021
"523328","West Ala.","858","Gulf South",2,2021
"523551","West Florida","858","Gulf South",2,2021
"523409","West Ga.","858","Gulf South",2,2021
"523581","Angelo St.","868","Lone Star",2,2021
"523614","Ark.-Fort Smith","868","Lone Star",2,2021
"523425","Cameron","868","Lone Star",2,2021
"523439","DBU","868","Lone Star",2,2021
"523287","East Texas A&M","868","Lone Star",2,2021
"523290","Eastern N.M.","868","Lone Star",2,2021
"523651","Lubbock Christian","868","Lone Star",2,2021
"523466","Midwestern St.","868","Lone Star",2,2021
"523669","Okla. Christian","868","Lone Star",2,2021
"523483","St. Edward's","868","Lone Star",2,2021
"523486","St. Mary's (TX)","868","Lone Star",2,2021
"523610","Tex. A&M Int'l","868","Lone Star",2,2021
"523396","Tex. A&M-Kingsville","868","Lone Star",2,2021
"523397","Texas Woman's","868","Lone Star",2,2021
"523608","UT Permian Basin","868","Lone Star",2,2021
"523267","UT Tyler","868","Lone Star",2,2021
"523410","West Tex. A&M","868","Lone Star",2,2021
"523497","Western N.M.","868","Lone Star",2,2021
"523417","Alderson Broaddus","30183","MEC",2,2021
"523433","Charleston (WV)","30183","MEC",2,2021
"523437","Concord","30183","MEC",2,2021
"523285","Davis & Elkins","30183","MEC",2,2021
"523445","Fairmont St.","30183","MEC",2,2021
"523570","Frostburg St.","30183","MEC",2,2021
"523452","Glenville St.","30183","MEC",2,2021
"523624","Notre Dame (OH)","30183","MEC",2,2021
"523494","West Liberty","30183","MEC",2,2021
"523539","West Va. Wesleyan","30183","MEC",2,2021
"523496","West Virginia St.","30183","MEC",2,2021
"523557","Wheeling","30183","MEC",2,2021
"523276","Central Mo.","883","Mid-America Intercollegiate",2,2021
"523429","Central Okla.","883","Mid-America Intercollegiate",2,2021
"523441","Emporia St.","883","Mid-America Intercollegiate",2,2021
"523532","Fort Hays St.","883","Mid-America Intercollegiate",2,2021
"523535","Missouri Western","883","Mid-America Intercollegiate",2,2021
"523534","Mo. Southern St.","883","Mid-America Intercollegiate",2,2021
"523457","Neb.-Kearney","883","Mid-America Intercollegiate",2,2021
"523601","Newman","883","Mid-America Intercollegiate",2,2021
"523357","Northwest Mo. St.","883","Mid-America Intercollegiate",2,2021
"523479","Pittsburg St.","883","Mid-America Intercollegiate",2,2021
"523517","Washburn","883","Mid-America Intercollegiate",2,2021
"523573","Adelphi","899","NE10",2,2021
"523580","American Int'l","899","NE10",2,2021
"523585","Assumption","899","NE10",2,2021
"523258","Bentley","899","NE10",2,2021
"523304","Franklin Pierce","899","NE10",2,2021
"523323","Le Moyne","899","NE10",2,2021
"523353","New Haven","899","NE10",2,2021
"523360","Pace","899","NE10",2,2021
"523380","Saint Michael's","899","NE10",2,2021
"523487","Saint Rose","899","NE10",2,2021
"523390","Southern Conn. St.","899","NE10",2,2021
"523351","Southern N.H.","899","NE10",2,2021
"523374","St. Anselm","899","NE10",2,2021
"523393","Stonehill","899","NE10",2,2021
"523252","Augustana (SD)","12853","NSIC",2,2021
"523255","Bemidji St.","12853","NSIC",2,2021
"523536","Concordia-St. Paul","12853","NSIC",2,2021
"523469","MSU Moorhead","12853","NSIC",2,2021
"523607","Mary","12853","NSIC",2,2021
"523344","Minn. Duluth","12853","NSIC",2,2021
"523590","Minn.-Crookston","12853","NSIC",2,2021
"523332","Minnesota St.","12853","NSIC",2,2021
"523623","Minot St.","12853","NSIC",2,2021
"523473","Northern St.","12853","NSIC",2,2021
"523627","Sioux Falls","12853","NSIC",2,2021
"523522","Southwest Minn. St.","12853","NSIC",2,2021
"523377","St. Cloud St.","12853","NSIC",2,2021
"523400","Upper Iowa","12853","NSIC",2,2021
"523493","Wayne St. (NE)","12853","NSIC",2,2021
"523412","Winona St.","12853","NSIC",2,2021
"523666","Bloomsburg","906","PSAC",2,2021
"523274","California (PA)","906","PSAC",2,2021
"523279","Clarion","906","PSAC",2,2021
"523286","East Stroudsburg","906","PSAC",2,2021
"523293","Edinboro","906","PSAC",2,2021
"523305","Gannon","906","PSAC",2,2021
"523311","Indiana (PA)","906","PSAC",2,2021
"523318","Kutztown","906","PSAC",2,2021
"523331","Lock Haven","906","PSAC",2,2021
"523337","Mercyhurst","906","PSAC",2,2021
"523342","Millersville","906","PSAC",2,2021
"523366","Pitt.-Johnstown","906","PSAC",2,2021
"523605","Seton Hill","906","PSAC",2,2021
"523544","Shepherd","906","PSAC",2,2021
"523385","Shippensburg","906","PSAC",2,2021
"523387","Slippery Rock","906","PSAC",2,2021
"523407","West Chester","906","PSAC",2,2021
"523620","Academy of Art","19591","PacWest",2,2021
"523638","Azusa Pacific","19591","PacWest",2,2021
"523553","Biola","19591","PacWest",2,2021
"523661","CUI","19591","PacWest",2,2021
"523277","Chaminade","19591","PacWest",2,2021
"523616","Dominican (CA)","19591","PacWest",2,2021
"523640","Fresno Pacific","19591","PacWest",2,2021
"523508","Hawaii Hilo","19591","PacWest",2,2021
"523507","Hawaii Pacific","19591","PacWest",2,2021
"523650","Holy Names","19591","PacWest",2,2021
"523641","Point Loma","19591","PacWest",2,2021
"523250","Augusta","12923","Peach Belt",2,2021
"523612","Flagler","12923","Peach Belt",2,2021
"523450","Georgia College","12923","Peach Belt",2,2021
"523459","Lander","12923","Peach Belt",2,2021
"523545","USC Aiken","12923","Peach Belt",2,2021
"523670","Young Harris","12923","Peach Belt",2,2021
"523416","Adams St.","13128","RMAC",2,2021
"523629","Black Hills St.","13128","RMAC",2,2021
"523511","CSU Pueblo","13128","RMAC",2,2021
"523432","Chadron St.","13128","RMAC",2,2021
"523547","Colo. Christian","13128","RMAC",2,2021
"523282","Colo. Sch. of Mines","13128","RMAC",2,2021
"523548","Colorado Mesa","13128","RMAC",2,2021
"523448","Fort Lewis","13128","RMAC",2,2021
"523338","MSU Denver","13128","RMAC",2,2021
"523521","N.M. Highlands","13128","RMAC",2,2021
"523370","Regis (CO)","13128","RMAC",2,2021
"523634","South Dakota Mines","13128","RMAC",2,2021
"523542","UCCS","13128","RMAC",2,2021
"523515","Western Colo.","13128","RMAC",2,2021
"523664","Westminster (UT)","13128","RMAC",2,2021
"523560","Anderson (SC)","12850","SAC",2,2021
"523426","Carson-Newman","12850","SAC",2,2021
"523427","Catawba","12850","SAC",2,2021
"523436","Coker","12850","SAC",2,2021
"523461","Lenoir-Rhyne","12850","SAC",2,2021
"523462","Limestone","12850","SAC",2,2021
"523463","Lincoln Memorial","12850","SAC",2,2021
"523465","Mars Hill","12850","SAC",2,2021
"523471","Newberry","12850","SAC",2,2021
"523550","Queens (NC)","12850","SAC",2,2021
"523559","Tusculum","12850","SAC",2,2021
"523654","UVA Wise","12850","SAC",2,2021
"523503","Wingate","12850","SAC",2,2021
"523579","Albany St. (GA)","913","SIAC",2,2021
"524541","Allen","913","SIAC",2,2021
"523256","Benedict","913","SIAC",2,2021
"523597","Central St. (OH)","913","SIAC",2,2021
"523280","Clark Atlanta","913","SIAC",2,2021
"526119","Edward Waters","913","SIAC",2,2021
"523302","Fort Valley St.","913","SIAC",2,2021
"523315","Kentucky St.","913","SIAC",2,2021
"523321","Lane","913","SIAC",2,2021
"523324","LeMoyne-Owen","913","SIAC",2,2021
"523341","Miles","913","SIAC",2,2021
"523571","Savannah St.","913","SIAC",2,2021
"523655","Spring Hill","913","SIAC",2,2021
"523399","Tuskegee","913","SIAC",2,2021
"523253","Barry","919","Sunshine State",2,2021
"523292","Eckerd","919","Sunshine State",2,2021
"523541","Embry-Riddle (FL)","919","Sunshine State",2,2021
"523301","Fla. Southern","919","Sunshine State",2,2021
"523299","Florida Tech","919","Sunshine State",2,2021
"523567","Lynn","919","Sunshine State",2,2021
"523588","Nova Southeastern","919","Sunshine State",2,2021
"523596","Palm Beach Atl.","919","Sunshine State",2,2021
"523372","Rollins","919","Sunshine State",2,2021
"523378","Saint Leo","919","Sunshine State",2,2021
"523394","Tampa","919","Sunshine State",2,2021
"539242","Alliance","28752","CACC",2,2022
"539171","Bloomfield","28752","CACC",2,2022
"539000","Bridgeport","28752","CACC",2,2022
"539174","Caldwell","28752","CACC",2,2022
"539357","Chestnut Hill","28752","CACC",2,2022
"539309","Dominican (NY)","28752","CACC",2,2022
"539380","Felician","28752","CACC",2,2022
"539313","Georgian Court","28752","CACC",2,2022
"539296","Goldey-Beacom","28752","CACC",2,2022
"539217","Holy Family","28752","CACC",2,2022
"539108","Jefferson","28752","CACC",2,2022
"539248","Post","28752","CACC",2,2022
"539274","Wilmington (DE)","28752","CACC",2,2022
"539003","CSUSB","828","CCAA",2,2022
"539046","Cal Poly Humboldt","828","CCAA",2,2022
"539001","Cal Poly Pomona","828","CCAA",2,2022
"539002","Cal St. Dom. Hills","828","CCAA",2,2022
"539006","Cal St. East Bay","828","CCAA",2,2022
"539401","Cal St. Monterey Bay","828","CCAA",2,2022
"539481","Cal St. San Marcos","828","CCAA",2,2022
"539007","Cal State LA","828","CCAA",2,2022
"539005","Chico St.","828","CCAA",2,2022
"539126","San Fran. St.","828","CCAA",2,2022
"539134","Sonoma St.","828","CCAA",2,2022
"539008","Stanislaus St.","828","CCAA",2,2022
"538999","Bowie St.","832","CIAA",2,2022
"539403","Claflin","832","CIAA",2,2022
"539029","Elizabeth City St.","832","CIAA",2,2022
"539031","Fayetteville St.","832","CIAA",2,2022
"539052","Johnson C. Smith","832","CIAA",2,2022
"539068","Lincoln (PA)","832","CIAA",2,2022
"539071","Livingstone","832","CIAA",2,2022
"539120","Saint Augustine's","832","CIAA",2,2022
"539129","Shaw","832","CIAA",2,2022
"539150","Virginia St.","832","CIAA",2,2022
"539152","Virginia Union","832","CIAA",2,2022
"539162","Winston-Salem","832","CIAA",2,2022
"539352","Barton","4423","Conference Carolinas",2,2022
"539279","Belmont Abbey","4423","Conference Carolinas",2,2022
"539306","Chowan","4423","Conference Carolinas",2,2022
"539307","Converse","4423","Conference Carolinas",2,2022
"539479","Emmanuel (GA)","4423","Conference Carolinas",2,2022
"539200","Erskine","4423","Conference Carolinas",2,2022
"539207","Francis Marion","4423","Conference Carolinas",2,2022
"539397","King (TN)","4423","Conference Carolinas",2,2022
"539350","Lees-McRae","4423","Conference Carolinas",2,2022
"539234","Mount Olive","4423","Conference Carolinas",2,2022
"539321","North Greenville","4423","Conference Carolinas",2,2022
"539477","Southern Wesleyan","4423","Conference Carolinas",2,2022
"539106","UNC Pembroke","4423","Conference Carolinas",2,2022
"539172","Bluefield St.","99010","DII Independent",2,2022
"539278","P.R.-Bayamon","99010","DII Independent",2,2022
"539382","P.R.-Mayaguez","99010","DII Independent",2,2022
"539285","P.R.-Rio Piedras","99010","DII Independent",2,2022
"539354","Salem (WV)","99010","DII Independent",2,2022
"547263","Thomas More","99010","DII Independent",2,2022
"539491","D'Youville","11265","ECC",2,2022
"539464","Daemen","11265","ECC",2,2022
"539077","Mercy","11265","ECC",2,2022
"539095","Molloy","11265","ECC",2,2022
"539111","Queens (NY)","11265","ECC",2,2022
"539455","Roberts Wesleyan","11265","ECC",2,2022
"539376","Ashland","30182","G-MAC",2,2022
"539426","Cedarville","30182","G-MAC",2,2022
"539203","Findlay","30182","G-MAC",2,2022
"539044","Hillsdale","30182","G-MAC",2,2022
"539056","Ky. Wesleyan","30182","G-MAC",2,2022
"539288","Lake Erie","30182","G-MAC",2,2022
"539441","Malone","30182","G-MAC",2,2022
"539103","Northwood","30182","G-MAC",2,2022
"539420","Ohio Dominican","30182","G-MAC",2,2022
"539261","Tiffin","30182","G-MAC",2,2022
"539389","Trevecca Nazarene","30182","G-MAC",2,2022
"539446","Ursuline","30182","G-MAC",2,2022
"539448","Walsh","30182","G-MAC",2,2022
"539298","Ark.-Monticello","30144","GAC",2,2022
"539169","Arkansas Tech","30144","GAC",2,2022
"539311","East Central","30144","GAC",2,2022
"539213","Harding","30144","GAC",2,2022
"539215","Henderson St.","30144","GAC",2,2022
"539471","Northwestern Okla.","30144","GAC",2,2022
"539485","Okla. Baptist","30144","GAC",2,2022
"539244","Ouachita Baptist","30144","GAC",2,2022
"539258","Southeastern Okla.","30144","GAC",2,2022
"539259","Southern Ark.","30144","GAC",2,2022
"539459","Southern Nazarene","30144","GAC",2,2022
"539304","Southwestern Okla.","30144","GAC",2,2022
"539342","Davenport","854","GLIAC",2,2022
"539033","Ferris St.","854","GLIAC",2,2022
"539043","Grand Valley St.","854","GLIAC",2,2022
"539060","Lake Superior St.","854","GLIAC",2,2022
"539083","Michigan Tech","854","GLIAC",2,2022
"539100","Northern Mich.","854","GLIAC",2,2022
"539343","Purdue Northwest","854","GLIAC",2,2022
"539116","Saginaw Valley","854","GLIAC",2,2022
"539154","Wayne St. (MI)","854","GLIAC",2,2022
"539164","Wis.-Parkside","854","GLIAC",2,2022
"539196","Drury","855","GLVC",2,2022
"539396","Ill. Springfield","855","GLVC",2,2022
"539066","Lewis","855","GLVC",2,2022
"539075","Maryville (MO)","855","GLVC",2,2022
"539442","McKendree","855","GLVC",2,2022
"539091","Missouri S&T","855","GLVC",2,2022
"539093","Mo.-St. Louis","855","GLVC",2,2022
"539112","Quincy","855","GLVC",2,2022
"539250","Rockhurst","855","GLVC",2,2022
"539290","Southwest Baptist","855","GLVC",2,2022
"539099","Truman St.","855","GLVC",2,2022
"539050","UIndy","855","GLVC",2,2022
"539422","William Jewell","855","GLVC",2,2022
"539367","Alas. Anchorage","30012","Great Northwest",2,2022
"539369","Alas. Fairbanks","30012","Great Northwest",2,2022
"539183","Central Wash.","30012","Great Northwest",2,2022
"539021","Mont. St. Billings","30012","Great Northwest",2,2022
"539240","Northwest Nazarene","30012","Great Northwest",2,2022
"539253","Saint Martin's","30012","Great Northwest",2,2022
"539128","Seattle Pacific","30012","Great Northwest",2,2022
"539433","Simon Fraser","30012","Great Northwest",2,2022
"539270","Western Ore.","30012","Great Northwest",2,2022
"539271","Western Wash.","30012","Great Northwest",2,2022
"539415","AUM","858","Gulf South",2,2022
"539189","Christian Brothers","858","Gulf South",2,2022
"539391","Lee","858","Gulf South",2,2022
"539089","Mississippi Col.","858","Gulf South",2,2022
"539230","Montevallo","858","Gulf South",2,2022
"539457","Shorter","858","Gulf South",2,2022
"539365","UAH","858","Gulf South",2,2022
"539461","Union (TN)","858","Gulf South",2,2022
"539148","Valdosta St.","858","Gulf South",2,2022
"539069","West Ala.","858","Gulf South",2,2022
"539337","West Florida","858","Gulf South",2,2022
"539157","West Ga.","858","Gulf South",2,2022
"539374","Angelo St.","868","Lone Star",2,2022
"539417","Ark.-Fort Smith","868","Lone Star",2,2022
"539176","Cameron","868","Lone Star",2,2022
"539194","DBU","868","Lone Star",2,2022
"539023","Eastern N.M.","868","Lone Star",2,2022
"539468","Lubbock Christian","868","Lone Star",2,2022
"539229","Midwestern St.","868","Lone Star",2,2022
"539493","Okla. Christian","868","Lone Star",2,2022
"539251","St. Edward's","868","Lone Star",2,2022
"539254","St. Mary's (TX)","868","Lone Star",2,2022
"539411","Tex. A&M Int'l","868","Lone Star",2,2022
"539142","Tex. A&M-Kingsville","868","Lone Star",2,2022
"539144","Texas Woman's","868","Lone Star",2,2022
"539409","UT Permian Basin","868","Lone Star",2,2022
"539004","UT Tyler","868","Lone Star",2,2022
"539159","West Tex. A&M","868","Lone Star",2,2022
"539268","Western N.M.","868","Lone Star",2,2022
"539167","Alderson Broaddus","30183","MEC",2,2022
"539187","Charleston (WV)","30183","MEC",2,2022
"539192","Concord","30183","MEC",2,2022
"539016","Davis & Elkins","30183","MEC",2,2022
"539201","Fairmont St.","30183","MEC",2,2022
"539359","Frostburg St.","30183","MEC",2,2022
"539211","Glenville St.","30183","MEC",2,2022
"539430","Notre Dame (OH)","30183","MEC",2,2022
"539265","West Liberty","30183","MEC",2,2022
"539323","West Va. Wesleyan","30183","MEC",2,2022
"539267","West Virginia St.","30183","MEC",2,2022
"539346","Wheeling","30183","MEC",2,2022
"539010","Central Mo.","883","Mid-America Intercollegiate",2,2022
"539181","Central Okla.","883","Mid-America Intercollegiate",2,2022
"539197","Emporia St.","883","Mid-America Intercollegiate",2,2022
"539314","Fort Hays St.","883","Mid-America Intercollegiate",2,2022
"539317","Missouri Western","883","Mid-America Intercollegiate",2,2022
"539316","Mo. Southern St.","883","Mid-America Intercollegiate",2,2022
"539218","Neb.-Kearney","883","Mid-America Intercollegiate",2,2022
"539399","Newman","883","Mid-America Intercollegiate",2,2022
"539101","Northwest Mo. St.","883","Mid-America Intercollegiate",2,2022
"539246","Pittsburg St.","883","Mid-America Intercollegiate",2,2022
"539293","Washburn","883","Mid-America Intercollegiate",2,2022
"539363","Adelphi","899","NE10",2,2022
"539372","American Int'l","899","NE10",2,2022
"539378","Assumption","899","NE10",2,2022
"538998","Bentley","899","NE10",2,2022
"539039","Franklin Pierce","899","NE10",2,2022
"539063","Le Moyne","899","NE10",2,2022
"539097","New Haven","899","NE10",2,2022
"539105","Pace","899","NE10",2,2022
"539125","Saint Michael's","899","NE10",2,2022
"539256","Saint Rose","899","NE10",2,2022
"539136","Southern Conn. St.","899","NE10",2,2022
"539096","Southern N.H.","899","NE10",2,2022
"539118","St. Anselm","899","NE10",2,2022
"538994","Augustana (SD)","12853","NSIC",2,2022
"538996","Bemidji St.","12853","NSIC",2,2022
"539319","Concordia-St. Paul","12853","NSIC",2,2022
"539232","MSU Moorhead","12853","NSIC",2,2022
"539407","Mary","12853","NSIC",2,2022
"539087","Minn. Duluth","12853","NSIC",2,2022
"539385","Minn.-Crookston","12853","NSIC",2,2022
"539074","Minnesota St.","12853","NSIC",2,2022
"539428","Minot St.","12853","NSIC",2,2022
"539238","Northern St.","12853","NSIC",2,2022
"539435","Sioux Falls","12853","NSIC",2,2022
"539302","Southwest Minn. St.","12853","NSIC",2,2022
"539121","St. Cloud St.","12853","NSIC",2,2022
"539147","Upper Iowa","12853","NSIC",2,2022
"539263","Wayne St. (NE)","12853","NSIC",2,2022
"539160","Winona St.","12853","NSIC",2,2022
"539489","Bloomsburg","906","PSAC",2,2022
"539009","California (PA)","906","PSAC",2,2022
"539012","Clarion","906","PSAC",2,2022
"539017","East Stroudsburg","906","PSAC",2,2022
"539027","Edinboro","906","PSAC",2,2022
"539041","Gannon","906","PSAC",2,2022
"539048","Indiana (PA)","906","PSAC",2,2022
"539057","Kutztown","906","PSAC",2,2022
"539072","Lock Haven","906","PSAC",2,2022
"539078","Mercyhurst","906","PSAC",2,2022
"539086","Millersville","906","PSAC",2,2022
"539109","Pitt.-Johnstown","906","PSAC",2,2022
"539405","Seton Hill","906","PSAC",2,2022
"539328","Shepherd","906","PSAC",2,2022
"539131","Shippensburg","906","PSAC",2,2022
"539132","Slippery Rock","906","PSAC",2,2022
"539155","West Chester","906","PSAC",2,2022
"539424","Academy of Art","19591","PacWest",2,2022
"539450","Azusa Pacific","19591","PacWest",2,2022
"539340","Biola","19591","PacWest",2,2022
"539483","CUI","19591","PacWest",2,2022
"539011","Chaminade","19591","PacWest",2,2022
"539418","Dominican (CA)","19591","PacWest",2,2022
"539452","Fresno Pacific","19591","PacWest",2,2022
"539283","Hawaii Hilo","19591","PacWest",2,2022
"539281","Hawaii Pacific","19591","PacWest",2,2022
"539467","Holy Names","19591","PacWest",2,2022
"539453","Point Loma","19591","PacWest",2,2022
"550586","Westmont","19591","PacWest",2,2022
"538993","Augusta","12923","Peach Belt",2,2022
"539413","Flagler","12923","Peach Belt",2,2022
"539209","Georgia College","12923","Peach Belt",2,2022
"539220","Lander","12923","Peach Belt",2,2022
"539330","USC Aiken","12923","Peach Belt",2,2022
"539495","Young Harris","12923","Peach Belt",2,2022
"539165","Adams St.","13128","RMAC",2,2022
"539437","Black Hills St.","13128","RMAC",2,2022
"539287","CSU Pueblo","13128","RMAC",2,2022
"539186","Chadron St.","13128","RMAC",2,2022
"539332","Colo. Christian","13128","RMAC",2,2022
"539014","Colo. Sch. of Mines","13128","RMAC",2,2022
"539334","Colorado Mesa","13128","RMAC",2,2022
"539206","Fort Lewis","13128","RMAC",2,2022
"539080","MSU Denver","13128","RMAC",2,2022
"539301","N.M. Highlands","13128","RMAC",2,2022
"539114","Regis (CO)","13128","RMAC",2,2022
"539444","South Dakota Mines","13128","RMAC",2,2022
"539326","UCCS","13128","RMAC",2,2022
"539291","Western Colo.","13128","RMAC",2,2022
"539487","Westminster (UT)","13128","RMAC",2,2022
"539349","Anderson (SC)","12850","SAC",2,2022
"539178","Carson-Newman","12850","SAC",2,2022
"539179","Catawba","12850","SAC",2,2022
"539190","Coker","12850","SAC",2,2022
"539496","Emory & Henry","12850","SAC",2,2022
"539222","Lenoir-Rhyne","12850","SAC",2,2022
"539223","Limestone","12850","SAC",2,2022
"539225","Lincoln Memorial","12850","SAC",2,2022
"539226","Mars Hill","12850","SAC",2,2022
"539236","Newberry","12850","SAC",2,2022
"539348","Tusculum","12850","SAC",2,2022
"539472","UVA Wise","12850","SAC",2,2022
"539276","Wingate","12850","SAC",2,2022
"539370","Albany St. (GA)","913","SIAC",2,2022
"538992","Allen","913","SIAC",2,2022
"538997","Benedict","913","SIAC",2,2022
"539394","Central St. (OH)","913","SIAC",2,2022
"539013","Clark Atlanta","913","SIAC",2,2022
"539024","Edward Waters","913","SIAC",2,2022
"539038","Fort Valley St.","913","SIAC",2,2022
"539054","Kentucky St.","913","SIAC",2,2022
"539061","Lane","913","SIAC",2,2022
"539065","LeMoyne-Owen","913","SIAC",2,2022
"539084","Miles","913","SIAC",2,2022
"539361","Savannah St.","913","SIAC",2,2022
"539474","Spring Hill","913","SIAC",2,2022
"539146","Tuskegee","913","SIAC",2,2022
"538995","Barry","919","Sunshine State",2,2022
"539026","Eckerd","919","Sunshine State",2,2022
"539325","Embry-Riddle (FL)","919","Sunshine State",2,2022
"539036","Fla. Southern","919","Sunshine State",2,2022
"539035","Florida Tech","919","Sunshine State",2,2022
"539355","Lynn","919","Sunshine State",2,2022
"539383","Nova Southeastern","919","Sunshine State",2,2022
"539392","Palm Beach Atl.","919","Sunshine State",2,2022
"539115","Rollins","919","Sunshine State",2,2022
"539123","Saint Leo","919","Sunshine State",2,2022
"539140","Tampa","919","Sunshine State",2,2022
"559546","Bloomfield","28752","CACC",2,2023
"559280","Bridgeport","28752","CACC",2,2023
"559548","Caldwell","28752","CACC",2,2023
"559668","Chestnut Hill","28752","CACC",2,2023
"559642","Dominican (NY)","28752","CACC",2,2023
"559680","Felician","28752","CACC",2,2023
"559644","Georgian Court","28752","CACC",2,2023
"559635","Goldey-Beacom","28752","CACC",2,2023
"559591","Holy Family","28752","CACC",2,2023
"559429","Jefferson","28752","CACC",2,2023
"559608","Post","28752","CACC",2,2023
"559623","Wilmington (DE)","28752","CACC",2,2023
"559283","CSUSB","828","CCAA",2,2023
"559352","Cal Poly Humboldt","828","CCAA",2,2023
"559281","Cal Poly Pomona","828","CCAA",2,2023
"559282","Cal St. Dom. Hills","828","CCAA",2,2023
"559306","Cal St. East Bay","828","CCAA",2,2023
"559691","Cal St. Monterey Bay","828","CCAA",2,2023
"559730","Cal St. San Marcos","828","CCAA",2,2023
"559307","Cal State LA","828","CCAA",2,2023
"559285","Chico St.","828","CCAA",2,2023
"559441","San Fran. St.","828","CCAA",2,2023
"559486","Sonoma St.","828","CCAA",2,2023
"559308","Stanislaus St.","828","CCAA",2,2023
"559547","Bluefield St.","832","CIAA",2,2023
"559279","Bowie St.","832","CIAA",2,2023
"559692","Claflin","832","CIAA",2,2023
"559322","Elizabeth City St.","832","CIAA",2,2023
"559323","Fayetteville St.","832","CIAA",2,2023
"559355","Johnson C. Smith","832","CIAA",2,2023
"559364","Lincoln (PA)","832","CIAA",2,2023
"559386","Livingstone","832","CIAA",2,2023
"559437","Saint Augustine's","832","CIAA",2,2023
"559443","Shaw","832","CIAA",2,2023
"559494","Virginia St.","832","CIAA",2,2023
"559495","Virginia Union","832","CIAA",2,2023
"559501","Winston-Salem","832","CIAA",2,2023
"559665","Barton","4423","Conference Carolinas",2,2023
"559626","Belmont Abbey","4423","Conference Carolinas",2,2023
"559640","Chowan","4423","Conference Carolinas",2,2023
"559641","Converse","4423","Conference Carolinas",2,2023
"559729","Emmanuel (GA)","4423","Conference Carolinas",2,2023
"559562","Erskine","4423","Conference Carolinas",2,2023
"559586","Francis Marion","4423","Conference Carolinas",2,2023
"559689","King (TN)","4423","Conference Carolinas",2,2023
"559664","Lees-McRae","4423","Conference Carolinas",2,2023
"559601","Mount Olive","4423","Conference Carolinas",2,2023
"559649","North Greenville","4423","Conference Carolinas",2,2023
"559728","Southern Wesleyan","4423","Conference Carolinas",2,2023
"559428","UNC Pembroke","4423","Conference Carolinas",2,2023
"559737","Young Harris","4423","Conference Carolinas",2,2023
"559666","Salem (WV)","99010","DII Independent",2,2023
"559735","D'Youville","11265","ECC",2,2023
"559722","Daemen","11265","ECC",2,2023
"559390","Mercy","11265","ECC",2,2023
"559400","Molloy","11265","ECC",2,2023
"559431","Queens (NY)","11265","ECC",2,2023
"559718","Roberts Wesleyan","11265","ECC",2,2023
"560546","St. Thomas Aquinas","11265","ECC",2,2023
"559678","Ashland","30182","G-MAC",2,2023
"559704","Cedarville","30182","G-MAC",2,2023
"559564","Findlay","30182","G-MAC",2,2023
"559351","Hillsdale","30182","G-MAC",2,2023
"559357","Ky. Wesleyan","30182","G-MAC",2,2023
"559631","Lake Erie","30182","G-MAC",2,2023
"559710","Malone","30182","G-MAC",2,2023
"559426","Northwood","30182","G-MAC",2,2023
"559701","Ohio Dominican","30182","G-MAC",2,2023
"559739","Thomas More","30182","G-MAC",2,2023
"559616","Tiffin","30182","G-MAC",2,2023
"559684","Trevecca Nazarene","30182","G-MAC",2,2023
"559713","Ursuline","30182","G-MAC",2,2023
"559714","Walsh","30182","G-MAC",2,2023
"559636","Ark.-Monticello","30144","GAC",2,2023
"559505","Arkansas Tech","30144","GAC",2,2023
"559643","East Central","30144","GAC",2,2023
"559589","Harding","30144","GAC",2,2023
"559590","Henderson St.","30144","GAC",2,2023
"559725","Northwestern Okla.","30144","GAC",2,2023
"559732","Okla. Baptist","30144","GAC",2,2023
"559606","Ouachita Baptist","30144","GAC",2,2023
"559614","Southeastern Okla.","30144","GAC",2,2023
"559615","Southern Ark.","30144","GAC",2,2023
"559720","Southern Nazarene","30144","GAC",2,2023
"559639","Southwestern Okla.","30144","GAC",2,2023
"559659","Davenport","854","GLIAC",2,2023
"559324","Ferris St.","854","GLIAC",2,2023
"559350","Grand Valley St.","854","GLIAC",2,2023
"559359","Lake Superior St.","854","GLIAC",2,2023
"559393","Michigan Tech","854","GLIAC",2,2023
"559404","Northern Mich.","854","GLIAC",2,2023
"559660","Purdue Northwest","854","GLIAC",2,2023
"559435","Saginaw Valley","854","GLIAC",2,2023
"559496","Wayne St. (MI)","854","GLIAC",2,2023
"559502","Wis.-Parkside","854","GLIAC",2,2023
"559560","Drury","855","GLVC",2,2023
"559688","Ill. Springfield","855","GLVC",2,2023
"559363","Lewis","855","GLVC",2,2023
"559389","Maryville (MO)","855","GLVC",2,2023
"559711","McKendree","855","GLVC",2,2023
"559398","Missouri S&T","855","GLVC",2,2023
"559399","Mo.-St. Louis","855","GLVC",2,2023
"559432","Quincy","855","GLVC",2,2023
"559609","Rockhurst","855","GLVC",2,2023
"559632","Southwest Baptist","855","GLVC",2,2023
"559403","Truman St.","855","GLVC",2,2023
"559354","UIndy","855","GLVC",2,2023
"559492","Upper Iowa","855","GLVC",2,2023
"559702","William Jewell","855","GLVC",2,2023
"559673","Alas. Anchorage","30012","Great Northwest",2,2023
"559674","Alas. Fairbanks","30012","Great Northwest",2,2023
"559553","Central Wash.","30012","Great Northwest",2,2023
"559317","Mont. St. Billings","30012","Great Northwest",2,2023
"559604","Northwest Nazarene","30012","Great Northwest",2,2023
"559611","Saint Martin's","30012","Great Northwest",2,2023
"559442","Seattle Pacific","30012","Great Northwest",2,2023
"559707","Simon Fraser","30012","Great Northwest",2,2023
"559621","Western Ore.","30012","Great Northwest",2,2023
"559622","Western Wash.","30012","Great Northwest",2,2023
"559698","AUM","858","Gulf South",2,2023
"559556","Christian Brothers","858","Gulf South",2,2023
"559685","Lee","858","Gulf South",2,2023
"559397","Mississippi Col.","858","Gulf South",2,2023
"559599","Montevallo","858","Gulf South",2,2023
"559719","Shorter","858","Gulf South",2,2023
"559672","UAH","858","Gulf South",2,2023
"559721","Union (TN)","858","Gulf South",2,2023
"559493","Valdosta St.","858","Gulf South",2,2023
"559365","West Ala.","858","Gulf South",2,2023
"559657","West Florida","858","Gulf South",2,2023
"559498","West Ga.","858","Gulf South",2,2023
"559677","Angelo St.","868","Lone Star",2,2023
"559699","Ark.-Fort Smith","868","Lone Star",2,2023
"559549","Cameron","868","Lone Star",2,2023
"559559","DBU","868","Lone Star",2,2023
"559318","Eastern N.M.","868","Lone Star",2,2023
"559724","Lubbock Christian","868","Lone Star",2,2023
"559598","Midwestern St.","868","Lone Star",2,2023
"559736","Okla. Christian","868","Lone Star",2,2023
"559610","St. Edward's","868","Lone Star",2,2023
"559612","St. Mary's (TX)","868","Lone Star",2,2023
"559696","Tex. A&M Int'l","868","Lone Star",2,2023
"559489","Tex. A&M-Kingsville","868","Lone Star",2,2023
"559490","Texas Woman's","868","Lone Star",2,2023
"559695","UT Permian Basin","868","Lone Star",2,2023
"559284","UT Tyler","868","Lone Star",2,2023
"559499","West Tex. A&M","868","Lone Star",2,2023
"559620","Western N.M.","868","Lone Star",2,2023
"559504","Alderson Broaddus","30183","MEC",2,2023
"559555","Charleston (WV)","30183","MEC",2,2023
"559558","Concord","30183","MEC",2,2023
"559315","Davis & Elkins","30183","MEC",2,2023
"559563","Fairmont St.","30183","MEC",2,2023
"559669","Frostburg St.","30183","MEC",2,2023
"559588","Glenville St.","30183","MEC",2,2023
"559706","Notre Dame (OH)","30183","MEC",2,2023
"559618","West Liberty","30183","MEC",2,2023
"559650","West Va. Wesleyan","30183","MEC",2,2023
"559619","West Virginia St.","30183","MEC",2,2023
"559661","Wheeling","30183","MEC",2,2023
"559310","Central Mo.","883","Mid-America Intercollegiate",2,2023
"559552","Central Okla.","883","Mid-America Intercollegiate",2,2023
"559561","Emporia St.","883","Mid-America Intercollegiate",2,2023
"559645","Fort Hays St.","883","Mid-America Intercollegiate",2,2023
"559647","Missouri Western","883","Mid-America Intercollegiate",2,2023
"559646","Mo. Southern St.","883","Mid-America Intercollegiate",2,2023
"559592","Neb.-Kearney","883","Mid-America Intercollegiate",2,2023
"559690","Newman","883","Mid-America Intercollegiate",2,2023
"559405","Northwest Mo. St.","883","Mid-America Intercollegiate",2,2023
"559607","Pittsburg St.","883","Mid-America Intercollegiate",2,2023
"559634","Washburn","883","Mid-America Intercollegiate",2,2023
"559671","Adelphi","899","NE10",2,2023
"559676","American Int'l","899","NE10",2,2023
"559679","Assumption","899","NE10",2,2023
"559278","Bentley","899","NE10",2,2023
"559348","Franklin Pierce","899","NE10",2,2023
"559402","New Haven","899","NE10",2,2023
"559427","Pace","899","NE10",2,2023
"559440","Saint Michael's","899","NE10",2,2023
"559613","Saint Rose","899","NE10",2,2023
"559487","Southern Conn. St.","899","NE10",2,2023
"559401","Southern N.H.","899","NE10",2,2023
"559436","St. Anselm","899","NE10",2,2023
"559274","Augustana (SD)","12853","NSIC",2,2023
"559276","Bemidji St.","12853","NSIC",2,2023
"559648","Concordia-St. Paul","12853","NSIC",2,2023
"559600","MSU Moorhead","12853","NSIC",2,2023
"559694","Mary","12853","NSIC",2,2023
"559396","Minn. Duluth","12853","NSIC",2,2023
"559683","Minn.-Crookston","12853","NSIC",2,2023
"559388","Minnesota St.","12853","NSIC",2,2023
"559705","Minot St.","12853","NSIC",2,2023
"559603","Northern St.","12853","NSIC",2,2023
"559708","Sioux Falls","12853","NSIC",2,2023
"559638","Southwest Minn. St.","12853","NSIC",2,2023
"559438","St. Cloud St.","12853","NSIC",2,2023
"559617","Wayne St. (NE)","12853","NSIC",2,2023
"559500","Winona St.","12853","NSIC",2,2023
"559734","Bloomsburg","906","PSAC",2,2023
"559309","California (PA)","906","PSAC",2,2023
"559312","Clarion","906","PSAC",2,2023
"559316","East Stroudsburg","906","PSAC",2,2023
"559321","Edinboro","906","PSAC",2,2023
"559349","Gannon","906","PSAC",2,2023
"559353","Indiana (PA)","906","PSAC",2,2023
"559358","Kutztown","906","PSAC",2,2023
"559387","Lock Haven","906","PSAC",2,2023
"559391","Mercyhurst","906","PSAC",2,2023
"559395","Millersville","906","PSAC",2,2023
"559430","Pitt.-Johnstown","906","PSAC",2,2023
"559693","Seton Hill","906","PSAC",2,2023
"559653","Shepherd","906","PSAC",2,2023
"559444","Shippensburg","906","PSAC",2,2023
"559445","Slippery Rock","906","PSAC",2,2023
"559497","West Chester","906","PSAC",2,2023
"559703","Academy of Art","19591","PacWest",2,2023
"559715","Azusa Pacific","19591","PacWest",2,2023
"559658","Biola","19591","PacWest",2,2023
"559731","CUI","19591","PacWest",2,2023
"559311","Chaminade","19591","PacWest",2,2023
"559700","Dominican (CA)","19591","PacWest",2,2023
"559716","Fresno Pacific","19591","PacWest",2,2023
"559628","Hawaii Hilo","19591","PacWest",2,2023
"559627","Hawaii Pacific","19591","PacWest",2,2023
"559717","Point Loma","19591","PacWest",2,2023
"559740","Westmont","19591","PacWest",2,2023
"559273","Augusta","12923","Peach Belt",2,2023
"559697","Flagler","12923","Peach Belt",2,2023
"559587","Georgia College","12923","Peach Belt",2,2023
"559593","Lander","12923","Peach Belt",2,2023
"559654","USC Aiken","12923","Peach Belt",2,2023
"559503","Adams St.","13128","RMAC",2,2023
"559709","Black Hills St.","13128","RMAC",2,2023
"559630","CSU Pueblo","13128","RMAC",2,2023
"559554","Chadron St.","13128","RMAC",2,2023
"559655","Colo. Christian","13128","RMAC",2,2023
"559314","Colo. Sch. of Mines","13128","RMAC",2,2023
"559656","Colorado Mesa","13128","RMAC",2,2023
"559565","Fort Lewis","13128","RMAC",2,2023
"559392","MSU Denver","13128","RMAC",2,2023
"559637","N.M. Highlands","13128","RMAC",2,2023
"559433","Regis (CO)","13128","RMAC",2,2023
"559712","South Dakota Mines","13128","RMAC",2,2023
"559652","UCCS","13128","RMAC",2,2023
"559633","Western Colo.","13128","RMAC",2,2023
"559733","Westminster (UT)","13128","RMAC",2,2023
"559663","Anderson (SC)","12850","SAC",2,2023
"559550","Carson-Newman","12850","SAC",2,2023
"559551","Catawba","12850","SAC",2,2023
"559557","Coker","12850","SAC",2,2023
"559738","Emory & Henry","12850","SAC",2,2023
"559594","Lenoir-Rhyne","12850","SAC",2,2023
"559595","Limestone","12850","SAC",2,2023
"559596","Lincoln Memorial","12850","SAC",2,2023
"559597","Mars Hill","12850","SAC",2,2023
"559602","Newberry","12850","SAC",2,2023
"559662","Tusculum","12850","SAC",2,2023
"559726","UVA Wise","12850","SAC",2,2023
"559624","Wingate","12850","SAC",2,2023
"559675","Albany St. (GA)","913","SIAC",2,2023
"559272","Allen","913","SIAC",2,2023
"559277","Benedict","913","SIAC",2,2023
"559687","Central St. (OH)","913","SIAC",2,2023
"559313","Clark Atlanta","913","SIAC",2,2023
"559319","Edward Waters","913","SIAC",2,2023
"559347","Fort Valley St.","913","SIAC",2,2023
"559356","Kentucky St.","913","SIAC",2,2023
"559360","Lane","913","SIAC",2,2023
"559362","LeMoyne-Owen","913","SIAC",2,2023
"559394","Miles","913","SIAC",2,2023
"559670","Savannah St.","913","SIAC",2,2023
"559727","Spring Hill","913","SIAC",2,2023
"559491","Tuskegee","913","SIAC",2,2023
"559275","Barry","919","Sunshine State",2,2023
"559320","Eckerd","919","Sunshine State",2,2023
"559651","Embry-Riddle (FL)","919","Sunshine State",2,2023
"559346","Fla. Southern","919","Sunshine State",2,2023
"559325","Florida Tech","919","Sunshine State",2,2023
"559667","Lynn","919","Sunshine State",2,2023
"559682","Nova Southeastern","919","Sunshine State",2,2023
"559686","Palm Beach Atl.","919","Sunshine State",2,2023
"559434","Rollins","919","Sunshine State",2,2023
"559439","Saint Leo","919","Sunshine State",2,2023
"559488","Tampa","919","Sunshine State",2,2023
"585552","Bloomfield","28752","CACC",2,2024
"585730","Bridgeport","28752","CACC",2,2024
"585554","Caldwell","28752","CACC",2,2024
"585651","Chestnut Hill","28752","CACC",2,2024
"585625","Dominican (NY)","28752","CACC",2,2024
"585663","Felician","28752","CACC",2,2024
"585627","Georgian Court","28752","CACC",2,2024
"585618","Goldey-Beacom","28752","CACC",2,2024
"585577","Holy Family","28752","CACC",2,2024
"585515","Jefferson","28752","CACC",2,2024
"585593","Post","28752","CACC",2,2024
"585608","Wilmington (DE)","28752","CACC",2,2024
"585733","CSUSB","828","CCAA",2,2024
"585479","Cal Poly Humboldt","828","CCAA",2,2024
"585731","Cal Poly Pomona","828","CCAA",2,2024
"585732","Cal St. Dom. Hills","828","CCAA",2,2024
"585736","Cal St. East Bay","828","CCAA",2,2024
"585673","Cal St. Monterey Bay","828","CCAA",2,2024
"585711","Cal St. San Marcos","828","CCAA",2,2024
"585737","Cal State LA","828","CCAA",2,2024
"585735","Chico St.","828","CCAA",2,2024
"585527","San Fran. St.","828","CCAA",2,2024
"585532","Sonoma St.","828","CCAA",2,2024
"585738","Stanislaus St.","828","CCAA",2,2024
"596262","UC Merced","828","CCAA",2,2024
"585553","Bluefield St.","832","CIAA",2,2024
"585729","Bowie St.","832","CIAA",2,2024
"585674","Claflin","832","CIAA",2,2024
"585469","Elizabeth City St.","832","CIAA",2,2024
"585470","Fayetteville St.","832","CIAA",2,2024
"585482","Johnson C. Smith","832","CIAA",2,2024
"585490","Lincoln (PA)","832","CIAA",2,2024
"585492","Livingstone","832","CIAA",2,2024
"585523","Saint Augustine's","832","CIAA",2,2024
"585529","Shaw","832","CIAA",2,2024
"585540","Virginia St.","832","CIAA",2,2024
"585541","Virginia Union","832","CIAA",2,2024
"585547","Winston-Salem","832","CIAA",2,2024
"585648","Barton","4423","Conference Carolinas",2,2024
"585610","Belmont Abbey","4423","Conference Carolinas",2,2024
"585623","Chowan","4423","Conference Carolinas",2,2024
"585624","Converse","4423","Conference Carolinas",2,2024
"585710","Emmanuel (GA)","4423","Conference Carolinas",2,2024
"585568","Erskine","4423","Conference Carolinas",2,2024
"585572","Francis Marion","4423","Conference Carolinas",2,2024
"585671","King (TN)","4423","Conference Carolinas",2,2024
"585647","Lees-McRae","4423","Conference Carolinas",2,2024
"585587","Mount Olive","4423","Conference Carolinas",2,2024
"585632","North Greenville","4423","Conference Carolinas",2,2024
"585701","Shorter","4423","Conference Carolinas",2,2024
"585709","Southern Wesleyan","4423","Conference Carolinas",2,2024
"585514","UNC Pembroke","4423","Conference Carolinas",2,2024
"585718","Young Harris","4423","Conference Carolinas",2,2024
"596263","Jamestown","99010","DII Independent",2,2024
"585649","Salem (WV)","99010","DII Independent",2,2024
"585889","Texas-Dallas","99010","DII Independent",2,2024
"585716","D'Youville","11265","ECC",2,2024
"585704","Daemen","11265","ECC",2,2024
"585496","Mercy","11265","ECC",2,2024
"585506","Molloy","11265","ECC",2,2024
"585517","Queens (NY)","11265","ECC",2,2024
"585700","Roberts Wesleyan","11265","ECC",2,2024
"585463","St. Thomas Aquinas","11265","ECC",2,2024
"585661","Ashland","30182","G-MAC",2,2024
"585686","Cedarville","30182","G-MAC",2,2024
"585570","Findlay","30182","G-MAC",2,2024
"585478","Hillsdale","30182","G-MAC",2,2024
"585484","Ky. Wesleyan","30182","G-MAC",2,2024
"585614","Lake Erie","30182","G-MAC",2,2024
"585692","Malone","30182","G-MAC",2,2024
"585512","Northwood","30182","G-MAC",2,2024
"585683","Ohio Dominican","30182","G-MAC",2,2024
"585720","Thomas More","30182","G-MAC",2,2024
"585601","Tiffin","30182","G-MAC",2,2024
"585695","Ursuline","30182","G-MAC",2,2024
"585696","Walsh","30182","G-MAC",2,2024
"585619","Ark.-Monticello","30144","GAC",2,2024
"585551","Arkansas Tech","30144","GAC",2,2024
"585626","East Central","30144","GAC",2,2024
"585575","Harding","30144","GAC",2,2024
"585576","Henderson St.","30144","GAC",2,2024
"585706","Northwestern Okla.","30144","GAC",2,2024
"585713","Okla. Baptist","30144","GAC",2,2024
"585591","Ouachita Baptist","30144","GAC",2,2024
"585599","Southeastern Okla.","30144","GAC",2,2024
"585600","Southern Ark.","30144","GAC",2,2024
"585702","Southern Nazarene","30144","GAC",2,2024
"585622","Southwestern Okla.","30144","GAC",2,2024
"585642","Davenport","854","GLIAC",2,2024
"585471","Ferris St.","854","GLIAC",2,2024
"585477","Grand Valley St.","854","GLIAC",2,2024
"585486","Lake Superior St.","854","GLIAC",2,2024
"585499","Michigan Tech","854","GLIAC",2,2024
"585510","Northern Mich.","854","GLIAC",2,2024
"585643","Purdue Northwest","854","GLIAC",2,2024
"593684","Roosevelt","854","GLIAC",2,2024
"585521","Saginaw Valley","854","GLIAC",2,2024
"585542","Wayne St. (MI)","854","GLIAC",2,2024
"585548","Wis.-Parkside","854","GLIAC",2,2024
"585566","Drury","855","GLVC",2,2024
"585670","Ill. Springfield","855","GLVC",2,2024
"585489","Lewis","855","GLVC",2,2024
"585495","Maryville (MO)","855","GLVC",2,2024
"585693","McKendree","855","GLVC",2,2024
"585504","Missouri S&T","855","GLVC",2,2024
"585505","Mo.-St. Louis","855","GLVC",2,2024
"585518","Quincy","855","GLVC",2,2024
"585594","Rockhurst","855","GLVC",2,2024
"585615","Southwest Baptist","855","GLVC",2,2024
"585509","Truman St.","855","GLVC",2,2024
"585481","UIndy","855","GLVC",2,2024
"585538","Upper Iowa","855","GLVC",2,2024
"585684","William Jewell","855","GLVC",2,2024
"585656","Alas. Anchorage","30012","Great Northwest",2,2024
"585657","Alas. Fairbanks","30012","Great Northwest",2,2024
"585559","Central Wash.","30012","Great Northwest",2,2024
"585464","Mont. St. Billings","30012","Great Northwest",2,2024
"585590","Northwest Nazarene","30012","Great Northwest",2,2024
"585596","Saint Martin's","30012","Great Northwest",2,2024
"585528","Seattle Pacific","30012","Great Northwest",2,2024
"585689","Simon Fraser","30012","Great Northwest",2,2024
"585606","Western Ore.","30012","Great Northwest",2,2024
"585607","Western Wash.","30012","Great Northwest",2,2024
"585680","AUM","858","Gulf South",2,2024
"585562","Christian Brothers","858","Gulf South",2,2024
"585667","Lee","858","Gulf South",2,2024
"585503","Mississippi Col.","858","Gulf South",2,2024
"585585","Montevallo","858","Gulf South",2,2024
"585666","Trevecca Nazarene","858","Gulf South",2,2024
"585655","UAH","858","Gulf South",2,2024
"585703","Union (TN)","858","Gulf South",2,2024
"585539","Valdosta St.","858","Gulf South",2,2024
"585491","West Ala.","858","Gulf South",2,2024
"585640","West Florida","858","Gulf South",2,2024
"585660","Angelo St.","868","Lone Star",2,2024
"585555","Cameron","868","Lone Star",2,2024
"585565","DBU","868","Lone Star",2,2024
"585465","Eastern N.M.","868","Lone Star",2,2024
"585705","Lubbock Christian","868","Lone Star",2,2024
"585584","Midwestern St.","868","Lone Star",2,2024
"585717","Okla. Christian","868","Lone Star",2,2024
"585595","St. Edward's","868","Lone Star",2,2024
"585597","St. Mary's (TX)","868","Lone Star",2,2024
"585839","Sul Ross St.","868","Lone Star",2,2024
"585678","Tex. A&M Int'l","868","Lone Star",2,2024
"585535","Tex. A&M-Kingsville","868","Lone Star",2,2024
"585536","Texas Woman's","868","Lone Star",2,2024
"585677","UT Permian Basin","868","Lone Star",2,2024
"585734","UT Tyler","868","Lone Star",2,2024
"585545","West Tex. A&M","868","Lone Star",2,2024
"585605","Western N.M.","868","Lone Star",2,2024
"585561","Charleston (WV)","30183","MEC",2,2024
"585564","Concord","30183","MEC",2,2024
"585745","Davis & Elkins","30183","MEC",2,2024
"585569","Fairmont St.","30183","MEC",2,2024
"585652","Frostburg St.","30183","MEC",2,2024
"585574","Glenville St.","30183","MEC",2,2024
"597490","Point Park","30183","MEC",2,2024
"585603","West Liberty","30183","MEC",2,2024
"585633","West Va. Wesleyan","30183","MEC",2,2024
"585604","West Virginia St.","30183","MEC",2,2024
"585644","Wheeling","30183","MEC",2,2024
"585681","Ark.-Fort Smith","883","Mid-America Intercollegiate",2,2024
"585740","Central Mo.","883","Mid-America Intercollegiate",2,2024
"585558","Central Okla.","883","Mid-America Intercollegiate",2,2024
"585567","Emporia St.","883","Mid-America Intercollegiate",2,2024
"585628","Fort Hays St.","883","Mid-America Intercollegiate",2,2024
"585630","Missouri Western","883","Mid-America Intercollegiate",2,2024
"585629","Mo. Southern St.","883","Mid-America Intercollegiate",2,2024
"585578","Neb.-Kearney","883","Mid-America Intercollegiate",2,2024
"585672","Newman","883","Mid-America Intercollegiate",2,2024
"585511","Northwest Mo. St.","883","Mid-America Intercollegiate",2,2024
"585592","Pittsburg St.","883","Mid-America Intercollegiate",2,2024
"585617","Washburn","883","Mid-America Intercollegiate",2,2024
"585654","Adelphi","899","NE10",2,2024
"585659","American Int'l","899","NE10",2,2024
"585662","Assumption","899","NE10",2,2024
"585728","Bentley","899","NE10",2,2024
"585475","Franklin Pierce","899","NE10",2,2024
"585508","New Haven","899","NE10",2,2024
"585513","Pace","899","NE10",2,2024
"585526","Saint Michael's","899","NE10",2,2024
"585533","Southern Conn. St.","899","NE10",2,2024
"585507","Southern N.H.","899","NE10",2,2024
"585522","St. Anselm","899","NE10",2,2024
"585724","Augustana (SD)","12853","NSIC",2,2024
"585726","Bemidji St.","12853","NSIC",2,2024
"585631","Concordia-St. Paul","12853","NSIC",2,2024
"585586","MSU Moorhead","12853","NSIC",2,2024
"585676","Mary","12853","NSIC",2,2024
"585502","Minn. Duluth","12853","NSIC",2,2024
"585665","Minn.-Crookston","12853","NSIC",2,2024
"585494","Minnesota St.","12853","NSIC",2,2024
"585687","Minot St.","12853","NSIC",2,2024
"585589","Northern St.","12853","NSIC",2,2024
"585690","Sioux Falls","12853","NSIC",2,2024
"585621","Southwest Minn. St.","12853","NSIC",2,2024
"585524","St. Cloud St.","12853","NSIC",2,2024
"585602","Wayne St. (NE)","12853","NSIC",2,2024
"585546","Winona St.","12853","NSIC",2,2024
"585715","Bloomsburg","906","PSAC",2,2024
"585739","California (PA)","906","PSAC",2,2024
"585742","Clarion","906","PSAC",2,2024
"585746","East Stroudsburg","906","PSAC",2,2024
"585468","Edinboro","906","PSAC",2,2024
"585476","Gannon","906","PSAC",2,2024
"585480","Indiana (PA)","906","PSAC",2,2024
"585485","Kutztown","906","PSAC",2,2024
"585493","Lock Haven","906","PSAC",2,2024
"585501","Millersville","906","PSAC",2,2024
"585516","Pitt.-Johnstown","906","PSAC",2,2024
"585675","Seton Hill","906","PSAC",2,2024
"585636","Shepherd","906","PSAC",2,2024
"585530","Shippensburg","906","PSAC",2,2024
"585531","Slippery Rock","906","PSAC",2,2024
"585543","West Chester","906","PSAC",2,2024
"585685","Academy of Art","19591","PacWest",2,2024
"585697","Azusa Pacific","19591","PacWest",2,2024
"585641","Biola","19591","PacWest",2,2024
"585712","CUI","19591","PacWest",2,2024
"585741","Chaminade","19591","PacWest",2,2024
"585682","Dominican (CA)","19591","PacWest",2,2024
"585698","Fresno Pacific","19591","PacWest",2,2024
"585612","Hawaii Hilo","19591","PacWest",2,2024
"585611","Hawaii Pacific","19591","PacWest",2,2024
"595002","Jessup","19591","PacWest",2,2024
"594871","Menlo","19591","PacWest",2,2024
"585699","Point Loma","19591","PacWest",2,2024
"596067","Vanguard","19591","PacWest",2,2024
"585721","Westmont","19591","PacWest",2,2024
"585723","Augusta","12923","Peach Belt",2,2024
"585679","Flagler","12923","Peach Belt",2,2024
"585573","Georgia College","12923","Peach Belt",2,2024
"585579","Lander","12923","Peach Belt",2,2024
"585637","USC Aiken","12923","Peach Belt",2,2024
"585549","Adams St.","13128","RMAC",2,2024
"585691","Black Hills St.","13128","RMAC",2,2024
"585613","CSU Pueblo","13128","RMAC",2,2024
"585560","Chadron St.","13128","RMAC",2,2024
"585638","Colo. Christian","13128","RMAC",2,2024
"585744","Colo. Sch. of Mines","13128","RMAC",2,2024
"585639","Colorado Mesa","13128","RMAC",2,2024
"585571","Fort Lewis","13128","RMAC",2,2024
"585498","MSU Denver","13128","RMAC",2,2024
"585620","N.M. Highlands","13128","RMAC",2,2024
"585519","Regis (CO)","13128","RMAC",2,2024
"585694","South Dakota Mines","13128","RMAC",2,2024
"585635","UCCS","13128","RMAC",2,2024
"585616","Western Colo.","13128","RMAC",2,2024
"585714","Westminster (UT)","13128","RMAC",2,2024
"585646","Anderson (SC)","12850","SAC",2,2024
"585556","Carson-Newman","12850","SAC",2,2024
"585557","Catawba","12850","SAC",2,2024
"585563","Coker","12850","SAC",2,2024
"585719","Emory & Henry","12850","SAC",2,2024
"585580","Lenoir-Rhyne","12850","SAC",2,2024
"585581","Limestone","12850","SAC",2,2024
"585582","Lincoln Memorial","12850","SAC",2,2024
"585583","Mars Hill","12850","SAC",2,2024
"585588","Newberry","12850","SAC",2,2024
"585645","Tusculum","12850","SAC",2,2024
"585707","UVA Wise","12850","SAC",2,2024
"585609","Wingate","12850","SAC",2,2024
"585658","Albany St. (GA)","913","SIAC",2,2024
"585722","Allen","913","SIAC",2,2024
"585727","Benedict","913","SIAC",2,2024
"585669","Central St. (OH)","913","SIAC",2,2024
"585743","Clark Atlanta","913","SIAC",2,2024
"585466","Edward Waters","913","SIAC",2,2024
"585474","Fort Valley St.","913","SIAC",2,2024
"585483","Kentucky St.","913","SIAC",2,2024
"585487","Lane","913","SIAC",2,2024
"585488","LeMoyne-Owen","913","SIAC",2,2024
"585500","Miles","913","SIAC",2,2024
"585653","Savannah St.","913","SIAC",2,2024
"585708","Spring Hill","913","SIAC",2,2024
"585537","Tuskegee","913","SIAC",2,2024
"585725","Barry","919","Sunshine State",2,2024
"585467","Eckerd","919","Sunshine State",2,2024
"585634","Embry-Riddle (FL)","919","Sunshine State",2,2024
"585473","Fla. Southern","919","Sunshine State",2,2024
"585472","Florida Tech","919","Sunshine State",2,2024
"585650","Lynn","919","Sunshine State",2,2024
"585664","Nova Southeastern","919","Sunshine State",2,2024
"585668","Palm Beach Atl.","919","Sunshine State",2,2024
"585520","Rollins","919","Sunshine State",2,2024
"585525","Saint Leo","919","Sunshine State",2,2024
"585534","Tampa","919","Sunshine State",2,2024
"605325","Bridgeport","28752","CACC",2,2025
"605166","Caldwell","28752","CACC",2,2025
"605252","Chestnut Hill","28752","CACC",2,2025
"605229","Dominican (NY)","28752","CACC",2,2025
"605262","Felician","28752","CACC",2,2025
"605362","Georgian Court","28752","CACC",2,2025
"605223","Goldey-Beacom","28752","CACC",2,2025
"605186","Holy Family","28752","CACC",2,2025
"605131","Jefferson","28752","CACC",2,2025
"605201","Post","28752","CACC",2,2025
"605214","Wilmington (DE)","28752","CACC",2,2025
"605328","CSUSB","828","CCAA",2,2025
"605099","Cal Poly Humboldt","828","CCAA",2,2025
"605326","Cal Poly Pomona","828","CCAA",2,2025
"605327","Cal St. Dom. Hills","828","CCAA",2,2025
"605331","Cal St. East Bay","828","CCAA",2,2025
"605272","Cal St. Monterey Bay","828","CCAA",2,2025
"605308","Cal St. San Marcos","828","CCAA",2,2025
"605332","Cal State LA","828","CCAA",2,2025
"605330","Chico St.","828","CCAA",2,2025
"605142","San Fran. St.","828","CCAA",2,2025
"605370","Stanislaus St.","828","CCAA",2,2025
"605348","UC Merced","828","CCAA",2,2025
"605165","Bluefield St.","832","CIAA",2,2025
"605324","Bowie St.","832","CIAA",2,2025
"605273","Claflin","832","CIAA",2,2025
"605090","Elizabeth City St.","832","CIAA",2,2025
"605091","Fayetteville St.","832","CIAA",2,2025
"605101","Johnson C. Smith","832","CIAA",2,2025
"605108","Lincoln (PA)","832","CIAA",2,2025
"605110","Livingstone","832","CIAA",2,2025
"605354","Shaw","832","CIAA",2,2025
"605154","Virginia St.","832","CIAA",2,2025
"605155","Virginia Union","832","CIAA",2,2025
"605160","Winston-Salem","832","CIAA",2,2025
"605250","Barton","4423","Conference Carolinas",2,2025
"605215","Belmont Abbey","4423","Conference Carolinas",2,2025
"605228","Chowan","4423","Conference Carolinas",2,2025
"605361","Converse","4423","Conference Carolinas",2,2025
"605307","Emmanuel (GA)","4423","Conference Carolinas",2,2025
"605178","Erskine","4423","Conference Carolinas",2,2025
"605712","Ferrum","4423","Conference Carolinas",2,2025
"605181","Francis Marion","4423","Conference Carolinas",2,2025
"605270","King (TN)","4423","Conference Carolinas",2,2025
"605249","Lees-McRae","4423","Conference Carolinas",2,2025
"605196","Mount Olive","4423","Conference Carolinas",2,2025
"605235","North Greenville","4423","Conference Carolinas",2,2025
"605298","Shorter","4423","Conference Carolinas",2,2025
"605306","Southern Wesleyan","4423","Conference Carolinas",2,2025
"605130","UNC Pembroke","4423","Conference Carolinas",2,2025
"605313","Young Harris","4423","Conference Carolinas",2,2025
"605139","Saint Augustine's","99010","DII Independent",2,2025
"605251","Salem (WV)","99010","DII Independent",2,2025
"605369","D'Youville","11265","ECC",2,2025
"605302","Daemen","11265","ECC",2,2025
"605114","Mercy","11265","ECC",2,2025
"605122","Molloy","11265","ECC",2,2025
"605133","Queens (NY)","11265","ECC",2,2025
"605297","Roberts Wesleyan","11265","ECC",2,2025
"605084","St. Thomas Aquinas","11265","ECC",2,2025
"605260","Ashland","30182","G-MAC",2,2025
"605284","Cedarville","30182","G-MAC",2,2025
"605357","Findlay","30182","G-MAC",2,2025
"605098","Hillsdale","30182","G-MAC",2,2025
"605103","Ky. Wesleyan","30182","G-MAC",2,2025
"605219","Lake Erie","30182","G-MAC",2,2025
"605289","Malone","30182","G-MAC",2,2025
"605128","Northwood","30182","G-MAC",2,2025
"605281","Ohio Dominican","30182","G-MAC",2,2025
"605315","Thomas More","30182","G-MAC",2,2025
"605208","Tiffin","30182","G-MAC",2,2025
"605292","Ursuline","30182","G-MAC",2,2025
"605293","Walsh","30182","G-MAC",2,2025
"605224","Ark.-Monticello","30144","GAC",2,2025
"605163","Arkansas Tech","30144","GAC",2,2025
"605230","East Central","30144","GAC",2,2025
"605184","Harding","30144","GAC",2,2025
"605185","Henderson St.","30144","GAC",2,2025
"605304","Northwestern Okla.","30144","GAC",2,2025
"605300","Okla. Baptist","30144","GAC",2,2025
"605358","Ouachita Baptist","30144","GAC",2,2025
"605206","Southeastern Okla.","30144","GAC",2,2025
"605207","Southern Ark.","30144","GAC",2,2025
"605299","Southern Nazarene","30144","GAC",2,2025
"605227","Southwestern Okla.","30144","GAC",2,2025
"605244","Davenport","854","GLIAC",2,2025
"605349","Ferris St.","854","GLIAC",2,2025
"605097","Grand Valley St.","854","GLIAC",2,2025
"605105","Lake Superior St.","854","GLIAC",2,2025
"605115","Michigan Tech","854","GLIAC",2,2025
"605126","Northern Mich.","854","GLIAC",2,2025
"605245","Purdue Northwest","854","GLIAC",2,2025
"605342","Roosevelt","854","GLIAC",2,2025
"605137","Saginaw Valley","854","GLIAC",2,2025
"605156","Wayne St. (MI)","854","GLIAC",2,2025
"605161","Wis.-Parkside","854","GLIAC",2,2025
"605176","Drury","855","GLVC",2,2025
"605269","Ill. Springfield","855","GLVC",2,2025
"605351","Lewis","855","GLVC",2,2025
"605113","Maryville (MO)","855","GLVC",2,2025
"605290","McKendree","855","GLVC",2,2025
"605120","Missouri S&T","855","GLVC",2,2025
"605121","Mo.-St. Louis","855","GLVC",2,2025
"605134","Quincy","855","GLVC",2,2025
"605202","Rockhurst","855","GLVC",2,2025
"605220","Southwest Baptist","855","GLVC",2,2025
"605125","Truman St.","855","GLVC",2,2025
"605100","UIndy","855","GLVC",2,2025
"605152","Upper Iowa","855","GLVC",2,2025
"605282","William Jewell","855","GLVC",2,2025
"605257","Alas. Anchorage","30012","Great Northwest",2,2025
"605258","Alas. Fairbanks","30012","Great Northwest",2,2025
"605356","Central Wash.","30012","Great Northwest",2,2025
"605085","Mont. St. Billings","30012","Great Northwest",2,2025
"605199","Northwest Nazarene","30012","Great Northwest",2,2025
"605204","Saint Martin's","30012","Great Northwest",2,2025
"605143","Seattle Pacific","30012","Great Northwest",2,2025
"605286","Simon Fraser","30012","Great Northwest",2,2025
"605212","Western Ore.","30012","Great Northwest",2,2025
"605213","Western Wash.","30012","Great Northwest",2,2025
"605278","AUM","858","Gulf South",2,2025
"605172","Christian Brothers","858","Gulf South",2,2025
"605266","Lee","858","Gulf South",2,2025
"605119","Mississippi Col.","858","Gulf South",2,2025
"605194","Montevallo","858","Gulf South",2,2025
"605265","Trevecca Nazarene","858","Gulf South",2,2025
"605256","UAH","858","Gulf South",2,2025
"605301","Union (TN)","858","Gulf South",2,2025
"605153","Valdosta St.","858","Gulf South",2,2025
"605109","West Ala.","858","Gulf South",2,2025
"605363","West Florida","858","Gulf South",2,2025
"605366","Angelo St.","868","Lone Star",2,2025
"605167","Cameron","868","Lone Star",2,2025
"605175","DBU","868","Lone Star",2,2025
"605086","Eastern N.M.","868","Lone Star",2,2025
"605303","Lubbock Christian","868","Lone Star",2,2025
"605193","Midwestern St.","868","Lone Star",2,2025
"605312","Okla. Christian","868","Lone Star",2,2025
"605203","St. Edward's","868","Lone Star",2,2025
"605205","St. Mary's (TX)","868","Lone Star",2,2025
"605340","Sul Ross St.","868","Lone Star",2,2025
"605277","Tex. A&M Int'l","868","Lone Star",2,2025
"605149","Tex. A&M-Kingsville","868","Lone Star",2,2025
"605150","Texas Woman's","868","Lone Star",2,2025
"605341","Texas-Dallas","868","Lone Star",2,2025
"605276","UT Permian Basin","868","Lone Star",2,2025
"605329","UT Tyler","868","Lone Star",2,2025
"605158","West Tex. A&M","868","Lone Star",2,2025
"605211","Western N.M.","868","Lone Star",2,2025
"605171","Charleston (WV)","30183","MEC",2,2025
"605174","Concord","30183","MEC",2,2025
"605338","Davis & Elkins","30183","MEC",2,2025
"605179","Fairmont St.","30183","MEC",2,2025
"605253","Frostburg St.","30183","MEC",2,2025
"605183","Glenville St.","30183","MEC",2,2025
"605345","Point Park","30183","MEC",2,2025
"605210","West Liberty","30183","MEC",2,2025
"605236","West Va. Wesleyan","30183","MEC",2,2025
"605359","West Virginia St.","30183","MEC",2,2025
"605246","Wheeling","30183","MEC",2,2025
"605279","Ark.-Fort Smith","883","Mid-America Intercollegiate",2,2025
"605334","Central Mo.","883","Mid-America Intercollegiate",2,2025
"605355","Central Okla.","883","Mid-America Intercollegiate",2,2025
"605177","Emporia St.","883","Mid-America Intercollegiate",2,2025
"605231","Fort Hays St.","883","Mid-America Intercollegiate",2,2025
"605233","Missouri Western","883","Mid-America Intercollegiate",2,2025
"605232","Mo. Southern St.","883","Mid-America Intercollegiate",2,2025
"605187","Neb.-Kearney","883","Mid-America Intercollegiate",2,2025
"605271","Newman","883","Mid-America Intercollegiate",2,2025
"605127","Northwest Mo. St.","883","Mid-America Intercollegiate",2,2025
"605200","Pittsburg St.","883","Mid-America Intercollegiate",2,2025
"605222","Washburn","883","Mid-America Intercollegiate",2,2025
"605255","Adelphi","899","NE10",2,2025
"605365","American Int'l","899","NE10",2,2025
"605261","Assumption","899","NE10",2,2025
"605323","Bentley","899","NE10",2,2025
"605095","Franklin Pierce","899","NE10",2,2025
"605129","Pace","899","NE10",2,2025
"605141","Saint Michael's","899","NE10",2,2025
"605147","Southern Conn. St.","899","NE10",2,2025
"605123","Southern N.H.","899","NE10",2,2025
"605138","St. Anselm","899","NE10",2,2025
"605319","Augustana (SD)","12853","NSIC",2,2025
"605321","Bemidji St.","12853","NSIC",2,2025
"605234","Concordia-St. Paul","12853","NSIC",2,2025
"605344","Jamestown","12853","NSIC",2,2025
"605195","MSU Moorhead","12853","NSIC",2,2025
"605275","Mary","12853","NSIC",2,2025
"605118","Minn. Duluth","12853","NSIC",2,2025
"605264","Minn.-Crookston","12853","NSIC",2,2025
"605112","Minnesota St.","12853","NSIC",2,2025
"605285","Minot St.","12853","NSIC",2,2025
"605198","Northern St.","12853","NSIC",2,2025
"605287","Sioux Falls","12853","NSIC",2,2025
"605226","Southwest Minn. St.","12853","NSIC",2,2025
"605353","St. Cloud St.","12853","NSIC",2,2025
"605209","Wayne St. (NE)","12853","NSIC",2,2025
"605159","Winona St.","12853","NSIC",2,2025
"605311","Bloomsburg","906","PSAC",2,2025
"605333","California (PA)","906","PSAC",2,2025
"605335","Clarion","906","PSAC",2,2025
"605339","East Stroudsburg","906","PSAC",2,2025
"605089","Edinboro","906","PSAC",2,2025
"605096","Gannon","906","PSAC",2,2025
"605350","Indiana (PA)","906","PSAC",2,2025
"605104","Kutztown","906","PSAC",2,2025
"605111","Lock Haven","906","PSAC",2,2025
"605117","Millersville","906","PSAC",2,2025
"605132","Pitt.-Johnstown","906","PSAC",2,2025
"605274","Seton Hill","906","PSAC",2,2025
"605239","Shepherd","906","PSAC",2,2025
"605144","Shippensburg","906","PSAC",2,2025
"605145","Slippery Rock","906","PSAC",2,2025
"605157","West Chester","906","PSAC",2,2025
"605294","Azusa Pacific","19591","PacWest",2,2025
"605243","Biola","19591","PacWest",2,2025
"605309","CUI","19591","PacWest",2,2025
"605371","Chaminade","19591","PacWest",2,2025
"605280","Dominican (CA)","19591","PacWest",2,2025
"605295","Fresno Pacific","19591","PacWest",2,2025
"605217","Hawaii Hilo","19591","PacWest",2,2025
"605216","Hawaii Pacific","19591","PacWest",2,2025
"605346","Jessup","19591","PacWest",2,2025
"605343","Menlo","19591","PacWest",2,2025
"605296","Point Loma","19591","PacWest",2,2025
"605347","Vanguard","19591","PacWest",2,2025
"605316","Westmont","19591","PacWest",2,2025
"605318","Augusta","12923","Peach Belt",2,2025
"605367","Flagler","12923","Peach Belt",2,2025
"605182","Georgia College","12923","Peach Belt",2,2025
"605188","Lander","12923","Peach Belt",2,2025
"617148","Middle Georgia","12923","Peach Belt",2,2025
"605240","USC Aiken","12923","Peach Belt",2,2025
"605162","Adams St.","13128","RMAC",2,2025
"605288","Black Hills St.","13128","RMAC",2,2025
"605218","CSU Pueblo","13128","RMAC",2,2025
"605170","Chadron St.","13128","RMAC",2,2025
"605241","Colo. Christian","13128","RMAC",2,2025
"605337","Colo. Sch. of Mines","13128","RMAC",2,2025
"605242","Colorado Mesa","13128","RMAC",2,2025
"605180","Fort Lewis","13128","RMAC",2,2025
"605352","MSU Denver","13128","RMAC",2,2025
"605225","N.M. Highlands","13128","RMAC",2,2025
"605135","Regis (CO)","13128","RMAC",2,2025
"605291","South Dakota Mines","13128","RMAC",2,2025
"605238","UCCS","13128","RMAC",2,2025
"605221","Western Colo.","13128","RMAC",2,2025
"605310","Westminster (UT)","13128","RMAC",2,2025
"605248","Anderson (SC)","12850","SAC",2,2025
"605168","Carson-Newman","12850","SAC",2,2025
"605169","Catawba","12850","SAC",2,2025
"605173","Coker","12850","SAC",2,2025
"605314","Emory & Henry","12850","SAC",2,2025
"605189","Lenoir-Rhyne","12850","SAC",2,2025
"605191","Lincoln Memorial","12850","SAC",2,2025
"605192","Mars Hill","12850","SAC",2,2025
"605197","Newberry","12850","SAC",2,2025
"605247","Tusculum","12850","SAC",2,2025
"605305","UVA Wise","12850","SAC",2,2025
"605360","Wingate","12850","SAC",2,2025
"605259","Albany St. (GA)","913","SIAC",2,2025
"605317","Allen","913","SIAC",2,2025
"605322","Benedict","913","SIAC",2,2025
"605268","Central St. (OH)","913","SIAC",2,2025
"605336","Clark Atlanta","913","SIAC",2,2025
"605087","Edward Waters","913","SIAC",2,2025
"605094","Fort Valley St.","913","SIAC",2,2025
"605102","Kentucky St.","913","SIAC",2,2025
"605106","Lane","913","SIAC",2,2025
"605107","LeMoyne-Owen","913","SIAC",2,2025
"605116","Miles","913","SIAC",2,2025
"605254","Savannah St.","913","SIAC",2,2025
"605368","Spring Hill","913","SIAC",2,2025
"605151","Tuskegee","913","SIAC",2,2025
"605320","Barry","919","Sunshine State",2,2025
"605088","Eckerd","919","Sunshine State",2,2025
"605237","Embry-Riddle (FL)","919","Sunshine State",2,2025
"605093","Fla. Southern","919","Sunshine State",2,2025
"605092","Florida Tech","919","Sunshine State",2,2025
"605364","Lynn","919","Sunshine State",2,2025
"605263","Nova Southeastern","919","Sunshine State",2,2025
"605267","Palm Beach Atl.","919","Sunshine State",2,2025
"605136","Rollins","919","Sunshine State",2,2025
"605140","Saint Leo","919","Sunshine State",2,2025
"605148","Tampa","919","Sunshine State",2,2025
"505277","Alfred St.","30022","AMCC",3,2020
"505199","Hilbert","30022","AMCC",3,2020
"505167","La Roche","30022","AMCC",3,2020
"505237","Medaille","30022","AMCC",3,2020
"505252","Mount Aloysius","30022","AMCC",3,2020
"505240","Penn St.-Altoona","30022","AMCC",3,2020
"505039","Penn St.-Behrend","30022","AMCC",3,2020
"505180","Pitt.-Bradford","30022","AMCC",3,2020
"505219","Pitt.-Greensburg","30022","AMCC",3,2020
"505287","Belhaven","14825","ASC",3,2020
"505239","Concordia (TX)","14825","ASC",3,2020
"505154","East Tex. Baptist","14825","ASC",3,2020
"504954","Hardin-Simmons","14825","ASC",3,2020
"505196","Howard Payne","14825","ASC",3,2020
"505202","LeTourneau","14825","ASC",3,2020
"505284","Louisiana Col.","14825","ASC",3,2020
"505173","Mary Hardin-Baylor","14825","ASC",3,2020
"505203","McMurry","14825","ASC",3,2020
"505184","Sul Ross St.","14825","ASC",3,2020
"505233","Texas-Dallas","14825","ASC",3,2020
"505317","Buena Vista","864","American Rivers",3,2020
"504905","Central (IA)","864","American Rivers",3,2020
"504913","Coe","864","American Rivers",3,2020
"504927","Dubuque","864","American Rivers",3,2020
"504984","Loras","864","American Rivers",3,2020
"504985","Luther","864","American Rivers",3,2020
"505018","Neb. Wesleyan","864","American Rivers",3,2020
"505080","Simpson","864","American Rivers",3,2020
"505103","Wartburg","864","American Rivers",3,2020
"505319","Cabrini","30233","Atlantic East",3,2020
"505220","Gwynedd Mercy","30233","Atlantic East",3,2020
"504966","Immaculata","30233","Atlantic East",3,2020
"504995","Marymount (VA)","30233","Atlantic East",3,2020
"504997","Marywood","30233","Atlantic East",3,2020
"505175","Neumann","30233","Atlantic East",3,2020
"505112","Wesley","30233","Atlantic East",3,2020
"504909","Chris. Newport","15810","C2C",3,2020
"505249","Finlandia","15810","C2C",3,2020
"504994","Mary Washington","15810","C2C",3,2020
"505007","Mills","15810","C2C",3,2020
"505250","Mount Mary","15810","C2C",3,2020
"505040","Pine Manor","15810","C2C",3,2020
"505075","Salisbury","15810","C2C",3,2020
"505274","Southern Va.","15810","C2C",3,2020
"505068","St. Mary's (MD)","15810","C2C",3,2020
"505322","UC Santa Cruz","15810","C2C",3,2020
"505299","Augustana (IL)","836","CCIW",3,2020
"505327","Carroll (WI)","836","CCIW",3,2020
"505328","Carthage","836","CCIW",3,2020
"504932","Elmhurst","836","CCIW",3,2020
"504965","Ill. Wesleyan","836","CCIW",3,2020
"505006","Millikin","836","CCIW",3,2020
"505026","North Central (IL)","836","CCIW",3,2020
"505027","North Park","836","CCIW",3,2020
"505118","Wheaton (IL)","836","CCIW",3,2020
"504922","Curry","839","CNE",3,2020
"505212","Endicott","839","CNE",3,2020
"505158","Gordon","839","CNE",3,2020
"505023","Nichols","839","CNE",3,2020
"505059","Roger Williams","839","CNE",3,2020
"505076","Salve Regina","839","CNE",3,2020
"505176","U New England","839","CNE",3,2020
"505111","Wentworth","839","CNE",3,2020
"505116","Western New Eng.","839","CNE",3,2020
"505281","Bryn Athyn","21062","CSAC",3,2020
"505179","Cairn","21062","CSAC",3,2020
"505223","Cedar Crest","21062","CSAC",3,2020
"505221","Centenary (NJ)","21062","CSAC",3,2020
"505145","Clarks Summit","21062","CSAC",3,2020
"505260","Keystone","21062","CSAC",3,2020
"505206","Notre Dame (MD)","21062","CSAC",3,2020
"505224","Rosemont","21062","CSAC",3,2020
"505214","Saint Elizabeth","21062","CSAC",3,2020
"505276","Valley Forge","21062","CSAC",3,2020
"505222","Wilson","21062","CSAC",3,2020
"505306","Baruch","834","CUNYAC",3,2020
"505315","Brooklyn","834","CUNYAC",3,2020
"505022","CCNY","834","CUNYAC",3,2020
"504962","Hunter","834","CUNYAC",3,2020
"504970","John Jay","834","CUNYAC",3,2020
"504958","Lehman","834","CUNYAC",3,2020
"505001","Medgar Evers","834","CUNYAC",3,2020
"505195","York (NY)","834","CUNYAC",3,2020
"505316","Bryn Mawr","9683","Centennial",3,2020
"504926","Dickinson","9683","Centennial",3,2020
"504942","Franklin & Marshall","9683","Centennial",3,2020
"504946","Gettysburg","9683","Centennial",3,2020
"512210","Haverford","9683","Centennial",3,2020
"504971","Johns Hopkins","9683","Centennial",3,2020
"505115","McDaniel","9683","Centennial",3,2020
"505015","Muhlenberg","9683","Centennial",3,2020
"505091","Swarthmore","9683","Centennial",3,2020
"505099","Ursinus","9683","Centennial",3,2020
"505106","Washington Col.","9683","Centennial",3,2020
"505171","Maranatha Baptist","99020","DIII Independent",3,2020
"505235","Trinity Washington","99020","DIII Independent",3,2020
"505292","Alfred","863","Empire 8",3,2020
"504933","Elmira","863","Empire 8",3,2020
"504955","Hartwick","863","Empire 8",3,2020
"505272","Houghton","863","Empire 8",3,2020
"505165","Keuka","863","Empire 8",3,2020
"505017","Nazareth","863","Empire 8",3,2020
"505216","Russell Sage","863","Empire 8",3,2020
"505065","St. John Fisher","863","Empire 8",3,2020
"505100","Utica","863","Empire 8",3,2020
"505198","Albertus Magnus","23257","Great Northeast",3,2020
"505297","Anna Maria","23257","Great Northeast",3,2020
"504915","Colby-Sawyer","23257","Great Northeast",3,2020
"504935","Emmanuel (MA)","23257","Great Northeast",3,2020
"505232","JWU (Providence)","23257","Great Northeast",3,2020
"505201","Lasell","23257","Great Northeast",3,2020
"505028","Norwich","23257","Great Northeast",3,2020
"505051","Regis (MA)","23257","Great Northeast",3,2020
"505227","Rivier","23257","Great Northeast",3,2020
"505207","Saint Joseph (CT)","23257","Great Northeast",3,2020
"505079","Simmons","23257","Great Northeast",3,2020
"505066","St. Joseph's (ME)","23257","Great Northeast",3,2020
"505089","Suffolk","23257","Great Northeast",3,2020
"505143","Anderson (IN)","9174","HCAC",3,2020
"505149","Bluffton","9174","HCAC",3,2020
"505152","Defiance","9174","HCAC",3,2020
"504928","Earlham","9174","HCAC",3,2020
"505193","Franklin","9174","HCAC",3,2020
"505161","Hanover","9174","HCAC",3,2020
"505170","Manchester","9174","HCAC",3,2020
"505204","Mt. St. Joseph","9174","HCAC",3,2020
"505060","Rose-Hulman","9174","HCAC",3,2020
"505246","Transylvania","9174","HCAC",3,2020
"505331","Catholic","30101","Landmark",3,2020
"504931","Elizabethtown","30101","Landmark",3,2020
"505191","Goucher","30101","Landmark",3,2020
"504973","Juniata","30101","Landmark",3,2020
"505011","Moravian","30101","Landmark",3,2020
"505077","Scranton","30101","Landmark",3,2020
"505090","Susquehanna","30101","Landmark",3,2020
"505146","Bard","24197","Liberty League",3,2020
"504912","Clarkson","24197","Liberty League",3,2020
"504967","Ithaca","24197","Liberty League",3,2020
"505056","RIT","24197","Liberty League",3,2020
"505081","Skidmore","24197","Liberty League",3,2020
"505067","St. Lawrence","24197","Liberty League",3,2020
"505098","Union (NY)","24197","Liberty League",3,2020
"505101","Vassar","24197","Liberty League",3,2020
"504929","Eastern Conn. St.","867","Little East",3,2020
"504976","Keene St.","867","Little East",3,2020
"505042","Plymouth St.","867","Little East",3,2020
"505052","Rhode Island Col.","867","Little East",3,2020
"505085","Southern Me.","867","Little East",3,2020
"505000","UMass Boston","867","Little East",3,2020
"505084","UMass Dartmouth","867","Little East",3,2020
"505330","VTSU Castleton","867","Little East",3,2020
"505114","WestConn","867","Little East",3,2020
"505291","Albright","28744","MAC Commonwealth",3,2020
"505142","Alvernia","28744","MAC Commonwealth",3,2020
"505211","Eastern","28744","MAC Commonwealth",3,2020
"505200","Hood","28744","MAC Commonwealth",3,2020
"504983","Lebanon Valley","28744","MAC Commonwealth",3,2020
"505003","Messiah","28744","MAC Commonwealth",3,2020
"505230","Stevenson","28744","MAC Commonwealth",3,2020
"505122","Widener","28744","MAC Commonwealth",3,2020
"505141","York (PA)","28744","MAC Commonwealth",3,2020
"505147","Arcadia","28745","MAC Freedom",3,2020
"505294","DeSales","28745","MAC Freedom",3,2020
"504924","Delaware Valley","28745","MAC Freedom",3,2020
"504939","FDU-Florham","28745","MAC Freedom",3,2020
"504978","King's (PA)","28745","MAC Freedom",3,2020
"504986","Lycoming","28745","MAC Freedom",3,2020
"505225","Misericordia","28745","MAC Freedom",3,2020
"505087","Stevens","28745","MAC Freedom",3,2020
"505123","Wilkes","28745","MAC Freedom",3,2020
"505313","Bridgewater St.","870","MASCAC",3,2020
"505286","Fitchburg St.","870","MASCAC",3,2020
"504941","Framingham St.","870","MASCAC",3,2020
"505024","MCLA","870","MASCAC",3,2020
"504999","Mass. Maritime","870","MASCAC",3,2020
"505074","Salem St.","870","MASCAC",3,2020
"505117","Westfield St.","870","MASCAC",3,2020
"505139","Worcester St.","870","MASCAC",3,2020
"505298","Augsburg","882","MIAC",3,2020
"505308","Bethel (MN)","882","MIAC",3,2020
"505325","Carleton","882","MIAC",3,2020
"504918","Concordia-M'head","882","MIAC",3,2020
"504951","Gustavus Adolphus","882","MIAC",3,2020
"504953","Hamline","882","MIAC",3,2020
"504988","Macalester","882","MIAC",3,2020
"505063","Saint Benedict","882","MIAC",3,2020
"505069","Saint Mary's (MN)","882","MIAC",3,2020
"505064","St. Catherine","882","MIAC",3,2020
"505071","St. Olaf","882","MIAC",3,2020
"505073","St. Thomas (MN)","882","MIAC",3,2020
"505305","Beloit","23119","MWC",3,2020
"504920","Cornell College","23119","MWC",3,2020
"504949","Grinnell","23119","MWC",3,2020
"504964","Illinois Col.","23119","MWC",3,2020
"504979","Knox","23119","MWC",3,2020
"504981","Lake Forest","23119","MWC",3,2020
"504982","Lawrence","23119","MWC",3,2020
"505009","Monmouth (IL)","23119","MWC",3,2020
"505054","Ripon","23119","MWC",3,2020
"505070","St. Norbert","23119","MWC",3,2020
"505289","Adrian","873","Michigan Intercol. Ath. Assn.",3,2020
"505290","Albion","873","Michigan Intercol. Ath. Assn.",3,2020
"505295","Alma","873","Michigan Intercol. Ath. Assn.",3,2020
"505323","Calvin","873","Michigan Intercol. Ath. Assn.",3,2020
"504961","Hope","873","Michigan Intercol. Ath. Assn.",3,2020
"504974","Kalamazoo","873","Michigan Intercol. Ath. Assn.",3,2020
"505034","Olivet","873","Michigan Intercol. Ath. Assn.",3,2020
"505208","St. Mary's (IN)","873","Michigan Intercol. Ath. Assn.",3,2020
"505253","Trine","873","Michigan Intercol. Ath. Assn.",3,2020
"505245","Alverno","30097","NACC",3,2020
"505300","Aurora","30097","NACC",3,2020
"504963","Benedictine (IL)","30097","NACC",3,2020
"504917","Concordia Chicago","30097","NACC",3,2020
"505150","Concordia Wisconsin","30097","NACC",3,2020
"505181","Dominican (IL)","30097","NACC",3,2020
"505156","Edgewood","30097","NACC",3,2020
"505279","Illinois Tech","30097","NACC",3,2020
"505168","Lakeland","30097","NACC",3,2020
"505228","MSOE","30097","NACC",3,2020
"505172","Marian (WI)","30097","NACC",3,2020
"505058","Rockford","30097","NACC",3,2020
"505210","Wis. Lutheran","30097","NACC",3,2020
"505293","Allegheny","897","NCAC",3,2020
"504923","DePauw","897","NCAC",3,2020
"504925","Denison","897","NCAC",3,2020
"504959","Hiram","897","NCAC",3,2020
"504977","Kenyon","897","NCAC",3,2020
"505029","Oberlin","897","NCAC",3,2020
"505032","Ohio Wesleyan","897","NCAC",3,2020
"505136","Wittenberg","897","NCAC",3,2020
"505137","Wooster","897","NCAC",3,2020
"505242","Bay Path","888","NECC",3,2020
"505241","Becker","888","NECC",3,2020
"504903","Dean","888","NECC",3,2020
"505155","Eastern Nazarene","888","NECC",3,2020
"505038","Elms","888","NECC",3,2020
"505238","Lesley","888","NECC",3,2020
"505258","Mitchell","888","NECC",3,2020
"505285","New England Col.","888","NECC",3,2020
"505296","Amherst","12817","NESCAC",3,2020
"505304","Bates","12817","NESCAC",3,2020
"505310","Bowdoin","12817","NESCAC",3,2020
"504914","Colby","12817","NESCAC",3,2020
"504919","Connecticut Col.","12817","NESCAC",3,2020
"504952","Hamilton","12817","NESCAC",3,2020
"505005","Middlebury","12817","NESCAC",3,2020
"505093","Trinity (CT)","12817","NESCAC",3,2020
"505095","Tufts","12817","NESCAC",3,2020
"505113","Wesleyan (CT)","12817","NESCAC",3,2020
"505126","Williams","12817","NESCAC",3,2020
"505302","Babson","890","NEWMAC",3,2020
"504911","Clark (MA)","890","NEWMAC",3,2020
"505096","Coast Guard","890","NEWMAC",3,2020
"504934","Emerson","890","NEWMAC",3,2020
"504998","MIT","890","NEWMAC",3,2020
"505012","Mount Holyoke","890","NEWMAC",3,2020
"505082","Smith","890","NEWMAC",3,2020
"505086","Springfield","890","NEWMAC",3,2020
"505138","WPI","890","NEWMAC",3,2020
"505109","Wellesley","890","NEWMAC",3,2020
"505119","Wheaton (MA)","890","NEWMAC",3,2020
"504975","Kean","891","NJAC",3,2020
"505010","Montclair St.","891","NJAC",3,2020
"504968","New Jersey City","891","NJAC",3,2020
"505047","Ramapo","891","NJAC",3,2020
"504947","Rowan","891","NJAC",3,2020
"505061","Rutgers-Camden","891","NJAC",3,2020
"505062","Rutgers-Newark","891","NJAC",3,2020
"505088","Stockton","891","NJAC",3,2020
"505125","Wm. Paterson","891","NJAC",3,2020
"505157","George Fox","25300","NWC",3,2020
"505231","Lewis & Clark","25300","NWC",3,2020
"505169","Linfield","25300","NWC",3,2020
"505197","Pacific (OR)","25300","NWC",3,2020
"505178","Pacific Lutheran","25300","NWC",3,2020
"505046","Puget Sound","25300","NWC",3,2020
"505120","Whitman","25300","NWC",3,2020
"505189","Whitworth","25300","NWC",3,2020
"505124","Willamette","25300","NWC",3,2020
"505236","Cazenovia","30026","North Atlantic",3,2020
"505164","Husson","30026","North Atlantic",3,2020
"504990","Maine Maritime","30026","North Atlantic",3,2020
"505256","Me.-Presque Isle","30026","North Atlantic",3,2020
"505275","SUNY Canton","30026","North Atlantic",3,2020
"505267","SUNY Cobleskill","30026","North Atlantic",3,2020
"511873","SUNY Delhi","30026","North Atlantic",3,2020
"505213","SUNY Poly","30026","North Atlantic",3,2020
"505262","VTSU Lyndon","30026","North Atlantic",3,2020
"504972","VTSU-Johnson","30026","North Atlantic",3,2020
"505303","Baldwin Wallace","901","OAC",3,2020
"505324","Capital","901","OAC",3,2020
"504957","Heidelberg","901","OAC",3,2020
"504969","John Carroll","901","OAC",3,2020
"504992","Marietta","901","OAC",3,2020
"505014","Mount Union","901","OAC",3,2020
"505016","Muskingum","901","OAC",3,2020
"505031","Ohio Northern","901","OAC",3,2020
"505037","Otterbein","901","OAC",3,2020
"505190","Wilmington (OH)","901","OAC",3,2020
"505312","Bridgewater (VA)","903","ODAC",3,2020
"504930","East. Mennonite","903","ODAC",3,2020
"504936","Emory & Henry","903","ODAC",3,2020
"504940","Ferrum","903","ODAC",3,2020
"505160","Guilford","903","ODAC",3,2020
"504960","Hollins","903","ODAC",3,2020
"504987","Lynchburg","903","ODAC",3,2020
"505049","Randolph","903","ODAC",3,2020
"505048","Randolph-Macon","903","ODAC",3,2020
"505055","Roanoke","903","ODAC",3,2020
"505078","Shenandoah","903","ODAC",3,2020
"505102","Va. Wesleyan","903","ODAC",3,2020
"505105","Wash. & Lee","903","ODAC",3,2020
"505307","Bethany (WV)","907","PAC",3,2020
"505215","Chatham","907","PAC",3,2020
"505264","Franciscan","907","PAC",3,2020
"505268","Geneva","907","PAC",3,2020
"504950","Grove City","907","PAC",3,2020
"505261","Saint Vincent","907","PAC",3,2020
"505092","Thiel","907","PAC",3,2020
"505104","Wash. & Jeff.","907","PAC",3,2020
"505186","Waynesburg","907","PAC",3,2020
"505188","Westminster (PA)","907","PAC",3,2020
"505148","Berry","30169","SAA",3,2020
"505244","Birmingham-So.","30169","SAA",3,2020
"504906","Centre","30169","SAA",3,2020
"505162","Hendrix","30169","SAA",3,2020
"505008","Millsaps","30169","SAA",3,2020
"505194","Oglethorpe","30169","SAA",3,2020
"505053","Rhodes","30169","SAA",3,2020
"505083","Sewanee","30169","SAA",3,2020
"505144","Austin","835","SCAC",3,2020
"504904","Centenary (LA)","835","SCAC",3,2020
"504916","Colorado Col.","835","SCAC",3,2020
"505151","Dallas","835","SCAC",3,2020
"505183","Schreiner","835","SCAC",3,2020
"505209","Southwestern (TX)","835","SCAC",3,2020
"505185","Texas Lutheran","835","SCAC",3,2020
"505094","Trinity (TX)","835","SCAC",3,2020
"505321","Cal Lutheran","910","SCIAC",3,2020
"505320","Caltech","910","SCIAC",3,2020
"504907","Chapman","910","SCIAC",3,2020
"504910","Claremont-M-S","910","SCIAC",3,2020
"504980","La Verne","910","SCIAC",3,2020
"505030","Occidental","910","SCIAC",3,2020
"505043","Pomona-Pitzer","910","SCIAC",3,2020
"505050","Redlands","910","SCIAC",3,2020
"505121","Whittier","910","SCIAC",3,2020
"505309","Blackburn","12974","SLIAC",3,2020
"504938","Eureka","12974","SLIAC",3,2020
"505218","Fontbonne","12974","SLIAC",3,2020
"505159","Greenville","12974","SLIAC",3,2020
"505280","Iowa Wesleyan","12974","SLIAC",3,2020
"505045","Principia","12974","SLIAC",3,2020
"505234","Spalding","12974","SLIAC",3,2020
"505108","Webster","12974","SLIAC",3,2020
"505187","Westminster (MO)","12974","SLIAC",3,2020
"505318","Buffalo St.","917","SUNYAC",3,2020
"504921","Cortland","917","SUNYAC",3,2020
"504943","Fredonia","917","SUNYAC",3,2020
"505036","Oswego St.","917","SUNYAC",3,2020
"505041","Plattsburgh St.","917","SUNYAC",3,2020
"505314","SUNY Brockport","917","SUNYAC",3,2020
"504945","SUNY Geneseo","917","SUNYAC",3,2020
"505019","SUNY New Paltz","917","SUNYAC",3,2020
"505035","SUNY Oneonta","917","SUNYAC",3,2020
"505044","SUNY Potsdam","917","SUNYAC",3,2020
"505243","Farmingdale St.","13054","Skyline",3,2020
"504991","Manhattanville","13054","Skyline",3,2020
"505097","Merchant Marine","13054","Skyline",3,2020
"505192","Mt. St. Mary (NY)","13054","Skyline",3,2020
"505033","Old Westbury","13054","Skyline",3,2020
"505247","Purchase","13054","Skyline",3,2020
"505020","SUNY Maritime","13054","Skyline",3,2020
"505273","Sarah Lawrence","13054","Skyline",3,2020
"505265","St. Joseph's (Brkln)","13054","Skyline",3,2020
"505182","St. Joseph's (L.I.)","13054","Skyline",3,2020
"505013","UMSV","13054","Skyline",3,2020
"505140","Yeshiva","13054","Skyline",3,2020
"505311","Brandeis","1471","UAA",3,2020
"505329","CWRU","1471","UAA",3,2020
"505326","Carnegie Mellon","1471","UAA",3,2020
"504937","Emory","1471","UAA",3,2020
"505021","NYU","1471","UAA",3,2020
"505057","Rochester (NY)","1471","UAA",3,2020
"504908","UChicago","1471","UAA",3,2020
"505107","WashU","1471","UAA",3,2020
"505254","Bethany Lutheran","30115","UMAC",3,2020
"505251","Crown (MN)","30115","UMAC",3,2020
"505205","Martin Luther","30115","UMAC",3,2020
"505174","Minn.-Morris","30115","UMAC",3,2020
"505255","North Central (MN)","30115","UMAC",3,2020
"505177","Northland","30115","UMAC",3,2020
"505248","Northwestern-St. Paul","30115","UMAC",3,2020
"505072","St. Scholastica","30115","UMAC",3,2020
"505134","Wis.-Superior","30115","UMAC",3,2020
"505217","Agnes Scott","842","USA South",3,2020
"505301","Averett","842","USA South",3,2020
"505278","Berea","842","USA South",3,2020
"505288","Brevard","842","USA South",3,2020
"505270","Covenant","842","USA South",3,2020
"504948","Greensboro","842","USA South",3,2020
"505163","Huntingdon","842","USA South",3,2020
"505166","LaGrange","842","USA South",3,2020
"504993","Mary Baldwin","842","USA South",3,2020
"504996","Maryville (TN)","842","USA South",3,2020
"505002","Meredith","842","USA South",3,2020
"505004","Methodist","842","USA South",3,2020
"505025","N.C. Wesleyan","842","USA South",3,2020
"505283","Pfeiffer","842","USA South",3,2020
"505229","Piedmont","842","USA South",3,2020
"505257","Salem (NC)","842","USA South",3,2020
"511885","Wesleyan (GA)","842","USA South",3,2020
"505226","William Peace","842","USA South",3,2020
"504944","Gallaudet","30071","United East",3,2020
"505269","Lancaster Bible","30071","United East",3,2020
"505282","Penn College","30071","United East",3,2020
"505266","Penn St. Harrisburg","30071","United East",3,2020
"505271","Penn St.-Abington","30071","United East",3,2020
"505259","Penn St.-Berks","30071","United East",3,2020
"505263","SUNY Morrisville","30071","United East",3,2020
"505110","Wells","30071","United East",3,2020
"505131","UW-River Falls","1473","WIAC",3,2020
"505127","Wis.-Eau Claire","1473","WIAC",3,2020
"505128","Wis.-La Crosse","1473","WIAC",3,2020
"505129","Wis.-Oshkosh","1473","WIAC",3,2020
"505130","Wis.-Platteville","1473","WIAC",3,2020
"505132","Wis.-Stevens Point","1473","WIAC",3,2020
"505133","Wis.-Stout","1473","WIAC",3,2020
"505135","Wis.-Whitewater","1473","WIAC",3,2020
"523862","Alfred St.","30022","AMCC",3,2021
"524080","Hilbert","30022","AMCC",3,2021
"524274","La Roche","30022","AMCC",3,2021
"524134","Medaille","30022","AMCC",3,2021
"524157","Mount Aloysius","30022","AMCC",3,2021
"524139","Penn St.-Altoona","30022","AMCC",3,2021
"523961","Penn St.-Behrend","30022","AMCC",3,2021
"524053","Pitt.-Bradford","30022","AMCC",3,2021
"524109","Pitt.-Greensburg","30022","AMCC",3,2021
"523876","Belhaven","14825","ASC",3,2021
"524137","Concordia (TX)","14825","ASC",3,2021
"524256","East Tex. Baptist","14825","ASC",3,2021
"523745","Hardin-Simmons","14825","ASC",3,2021
"524076","Howard Payne","14825","ASC",3,2021
"524084","LeTourneau","14825","ASC",3,2021
"524043","Mary Hardin-Baylor","14825","ASC",3,2021
"524086","McMurry","14825","ASC",3,2021
"524059","Sul Ross St.","14825","ASC",3,2021
"524129","Texas-Dallas","14825","ASC",3,2021
"523918","Buena Vista","864","American Rivers",3,2021
"523674","Central (IA)","864","American Rivers",3,2021
"523686","Coe","864","American Rivers",3,2021
"523706","Dubuque","864","American Rivers",3,2021
"523786","Loras","864","American Rivers",3,2021
"523787","Luther","864","American Rivers",3,2021
"523931","Neb. Wesleyan","864","American Rivers",3,2021
"524020","Simpson","864","American Rivers",3,2021
"524185","Wartburg","864","American Rivers",3,2021
"523921","Cabrini","30233","Atlantic East",3,2021
"524112","Centenary (NJ)","30233","Atlantic East",3,2021
"524110","Gwynedd Mercy","30233","Atlantic East",3,2021
"523760","Immaculata","30233","Atlantic East",3,2021
"523800","Marymount (VA)","30233","Atlantic East",3,2021
"523803","Marywood","30233","Atlantic East",3,2021
"524046","Neumann","30233","Atlantic East",3,2021
"523680","Chris. Newport","15810","C2C",3,2021
"524152","Finlandia","15810","C2C",3,2021
"523798","Mary Washington","15810","C2C",3,2021
"523817","Mills","15810","C2C",3,2021
"524154","Mount Mary","15810","C2C",3,2021
"524634","Pratt","15810","C2C",3,2021
"524012","Salisbury","15810","C2C",3,2021
"523925","UC Santa Cruz","15810","C2C",3,2021
"523893","Augustana (IL)","836","CCIW",3,2021
"524163","Carroll (WI)","836","CCIW",3,2021
"524165","Carthage","836","CCIW",3,2021
"523713","Elmhurst","836","CCIW",3,2021
"523758","Ill. Wesleyan","836","CCIW",3,2021
"523816","Millikin","836","CCIW",3,2021
"523942","North Central (IL)","836","CCIW",3,2021
"523944","North Park","836","CCIW",3,2021
"524207","Wheaton (IL)","836","CCIW",3,2021
"523699","Curry","839","CNE",3,2021
"524099","Endicott","839","CNE",3,2021
"524261","Gordon","839","CNE",3,2021
"523938","Nichols","839","CNE",3,2021
"523989","Roger Williams","839","CNE",3,2021
"524013","Salve Regina","839","CNE",3,2021
"524033","Suffolk","839","CNE",3,2021
"524048","U New England","839","CNE",3,2021
"524196","Wentworth","839","CNE",3,2021
"524204","Western New Eng.","839","CNE",3,2021
"523867","Bryn Athyn","21062","CSAC",3,2021
"524052","Cairn","21062","CSAC",3,2021
"524114","Cedar Crest","21062","CSAC",3,2021
"524245","Clarks Summit","21062","CSAC",3,2021
"523838","Keystone","21062","CSAC",3,2021
"524090","Notre Dame (MD)","21062","CSAC",3,2021
"524116","Rosemont","21062","CSAC",3,2021
"524102","Saint Elizabeth","21062","CSAC",3,2021
"523860","Valley Forge","21062","CSAC",3,2021
"524113","Wilson","21062","CSAC",3,2021
"523903","Baruch","834","CUNYAC",3,2021
"523916","Brooklyn","834","CUNYAC",3,2021
"523937","CCNY","834","CUNYAC",3,2021
"523754","Hunter","834","CUNYAC",3,2021
"523766","John Jay","834","CUNYAC",3,2021
"523749","Lehman","834","CUNYAC",3,2021
"523809","Medgar Evers","834","CUNYAC",3,2021
"524074","York (NY)","834","CUNYAC",3,2021
"523917","Bryn Mawr","9683","Centennial",3,2021
"523704","Dickinson","9683","Centennial",3,2021
"523727","Franklin & Marshall","9683","Centennial",3,2021
"523733","Gettysburg","9683","Centennial",3,2021
"524277","Haverford","9683","Centennial",3,2021
"523767","Johns Hopkins","9683","Centennial",3,2021
"524202","McDaniel","9683","Centennial",3,2021
"523829","Muhlenberg","9683","Centennial",3,2021
"524035","Swarthmore","9683","Centennial",3,2021
"524179","Ursinus","9683","Centennial",3,2021
"524189","Washington Col.","9683","Centennial",3,2021
"526115","Asbury","99020","DIII Independent",3,2021
"524902","Bob Jones","99020","DIII Independent",3,2021
"524774","MUW","99020","DIII Independent",3,2021
"524041","Maranatha Baptist","99020","DIII Independent",3,2021
"524132","Trinity Washington","99020","DIII Independent",3,2021
"523883","Alfred","863","Empire 8",3,2021
"523714","Elmira","863","Empire 8",3,2021
"523746","Hartwick","863","Empire 8",3,2021
"523855","Houghton","863","Empire 8",3,2021
"524271","Keuka","863","Empire 8",3,2021
"523930","Nazareth","863","Empire 8",3,2021
"524105","Russell Sage","863","Empire 8",3,2021
"523998","St. John Fisher","863","Empire 8",3,2021
"524180","Utica","863","Empire 8",3,2021
"524079","Albertus Magnus","23257","Great Northeast",3,2021
"523890","Anna Maria","23257","Great Northeast",3,2021
"523689","Colby-Sawyer","23257","Great Northeast",3,2021
"523672","Dean","23257","Great Northeast",3,2021
"523959","Elms","23257","Great Northeast",3,2021
"523717","Emmanuel (MA)","23257","Great Northeast",3,2021
"524127","JWU (Providence)","23257","Great Northeast",3,2021
"524083","Lasell","23257","Great Northeast",3,2021
"523945","Norwich","23257","Great Northeast",3,2021
"523978","Regis (MA)","23257","Great Northeast",3,2021
"524120","Rivier","23257","Great Northeast",3,2021
"524092","Saint Joseph (CT)","23257","Great Northeast",3,2021
"524018","Simmons","23257","Great Northeast",3,2021
"523999","St. Joseph's (ME)","23257","Great Northeast",3,2021
"524242","Anderson (IN)","9174","HCAC",3,2021
"524250","Bluffton","9174","HCAC",3,2021
"524254","Defiance","9174","HCAC",3,2021
"523707","Earlham","9174","HCAC",3,2021
"524072","Franklin","9174","HCAC",3,2021
"524266","Hanover","9174","HCAC",3,2021
"524040","Manchester","9174","HCAC",3,2021
"524087","Mt. St. Joseph","9174","HCAC",3,2021
"523990","Rose-Hulman","9174","HCAC",3,2021
"524148","Transylvania","9174","HCAC",3,2021
"524169","Catholic","30101","Landmark",3,2021
"524575","Drew","30101","Landmark",3,2021
"523711","Elizabethtown","30101","Landmark",3,2021
"524069","Goucher","30101","Landmark",3,2021
"523770","Juniata","30101","Landmark",3,2021
"523823","Moravian","30101","Landmark",3,2021
"524015","Scranton","30101","Landmark",3,2021
"524034","Susquehanna","30101","Landmark",3,2021
"524246","Bard","24197","Liberty League",3,2021
"523685","Clarkson","24197","Liberty League",3,2021
"523761","Ithaca","24197","Liberty League",3,2021
"523985","RIT","24197","Liberty League",3,2021
"524021","Skidmore","24197","Liberty League",3,2021
"524000","St. Lawrence","24197","Liberty League",3,2021
"524177","Union (NY)","24197","Liberty League",3,2021
"524182","Vassar","24197","Liberty League",3,2021
"523709","Eastern Conn. St.","867","Little East",3,2021
"523774","Keene St.","867","Little East",3,2021
"523965","Plymouth St.","867","Little East",3,2021
"523979","Rhode Island Col.","867","Little East",3,2021
"524027","Southern Me.","867","Little East",3,2021
"523807","UMass Boston","867","Little East",3,2021
"524025","UMass Dartmouth","867","Little East",3,2021
"524168","VTSU Castleton","867","Little East",3,2021
"524201","WestConn","867","Little East",3,2021
"523882","Albright","28744","MAC Commonwealth",3,2021
"524241","Alvernia","28744","MAC Commonwealth",3,2021
"524098","Eastern","28744","MAC Commonwealth",3,2021
"524081","Hood","28744","MAC Commonwealth",3,2021
"523784","Lebanon Valley","28744","MAC Commonwealth",3,2021
"523812","Messiah","28744","MAC Commonwealth",3,2021
"524125","Stevenson","28744","MAC Commonwealth",3,2021
"524212","Widener","28744","MAC Commonwealth",3,2021
"524239","York (PA)","28744","MAC Commonwealth",3,2021
"524247","Arcadia","28745","MAC Freedom",3,2021
"523886","DeSales","28745","MAC Freedom",3,2021
"523702","Delaware Valley","28745","MAC Freedom",3,2021
"523723","FDU-Florham","28745","MAC Freedom",3,2021
"523777","King's (PA)","28745","MAC Freedom",3,2021
"523788","Lycoming","28745","MAC Freedom",3,2021
"524117","Misericordia","28745","MAC Freedom",3,2021
"524030","Stevens","28745","MAC Freedom",3,2021
"524214","Wilkes","28745","MAC Freedom",3,2021
"523913","Bridgewater St.","870","MASCAC",3,2021
"523874","Fitchburg St.","870","MASCAC",3,2021
"523726","Framingham St.","870","MASCAC",3,2021
"523939","MCLA","870","MASCAC",3,2021
"523806","Mass. Maritime","870","MASCAC",3,2021
"524010","Salem St.","870","MASCAC",3,2021
"524205","Westfield St.","870","MASCAC",3,2021
"524236","Worcester St.","870","MASCAC",3,2021
"523891","Augsburg","882","MIAC",3,2021
"523906","Bethel (MN)","882","MIAC",3,2021
"524161","Carleton","882","MIAC",3,2021
"523693","Concordia-M'head","882","MIAC",3,2021
"523740","Gustavus Adolphus","882","MIAC",3,2021
"523743","Hamline","882","MIAC",3,2021
"523791","Macalester","882","MIAC",3,2021
"523995","Saint Benedict","882","MIAC",3,2021
"524003","Saint Mary's (MN)","882","MIAC",3,2021
"523996","St. Catherine","882","MIAC",3,2021
"524006","St. Olaf","882","MIAC",3,2021
"524007","St. Scholastica","882","MIAC",3,2021
"523902","Beloit","23119","MWC",3,2021
"523696","Cornell College","23119","MWC",3,2021
"523737","Grinnell","23119","MWC",3,2021
"523757","Illinois Col.","23119","MWC",3,2021
"523779","Knox","23119","MWC",3,2021
"523781","Lake Forest","23119","MWC",3,2021
"523783","Lawrence","23119","MWC",3,2021
"523820","Monmouth (IL)","23119","MWC",3,2021
"523982","Ripon","23119","MWC",3,2021
"523879","Adrian","873","Michigan Intercol. Ath. Assn.",3,2021
"523880","Albion","873","Michigan Intercol. Ath. Assn.",3,2021
"523887","Alma","873","Michigan Intercol. Ath. Assn.",3,2021
"523927","Calvin","873","Michigan Intercol. Ath. Assn.",3,2021
"523753","Hope","873","Michigan Intercol. Ath. Assn.",3,2021
"523771","Kalamazoo","873","Michigan Intercol. Ath. Assn.",3,2021
"523954","Olivet","873","Michigan Intercol. Ath. Assn.",3,2021
"524093","St. Mary's (IN)","873","Michigan Intercol. Ath. Assn.",3,2021
"524158","Trine","873","Michigan Intercol. Ath. Assn.",3,2021
"524147","Alverno","30097","NACC",3,2021
"523894","Aurora","30097","NACC",3,2021
"523756","Benedictine (IL)","30097","NACC",3,2021
"523692","Concordia Chicago","30097","NACC",3,2021
"524252","Concordia Wisconsin","30097","NACC",3,2021
"524055","Dominican (IL)","30097","NACC",3,2021
"524258","Edgewood","30097","NACC",3,2021
"523864","Illinois Tech","30097","NACC",3,2021
"524276","Lakeland","30097","NACC",3,2021
"524121","MSOE","30097","NACC",3,2021
"524042","Marian (WI)","30097","NACC",3,2021
"523988","Rockford","30097","NACC",3,2021
"524004","St. Norbert","30097","NACC",3,2021
"524096","Wis. Lutheran","30097","NACC",3,2021
"523884","Allegheny","897","NCAC",3,2021
"523700","DePauw","897","NCAC",3,2021
"523703","Denison","897","NCAC",3,2021
"523750","Hiram","897","NCAC",3,2021
"523776","Kenyon","897","NCAC",3,2021
"523947","Oberlin","897","NCAC",3,2021
"523951","Ohio Wesleyan","897","NCAC",3,2021
"524232","Wittenberg","897","NCAC",3,2021
"524234","Wooster","897","NCAC",3,2021
"524257","Eastern Nazarene","888","NECC",3,2021
"524136","Lesley","888","NECC",3,2021
"523835","Mitchell","888","NECC",3,2021
"523873","New England Col.","888","NECC",3,2021
"523889","Amherst","12817","NESCAC",3,2021
"523900","Bates","12817","NESCAC",3,2021
"523909","Bowdoin","12817","NESCAC",3,2021
"523687","Colby","12817","NESCAC",3,2021
"523695","Connecticut Col.","12817","NESCAC",3,2021
"523742","Hamilton","12817","NESCAC",3,2021
"523814","Middlebury","12817","NESCAC",3,2021
"524170","Trinity (CT)","12817","NESCAC",3,2021
"524173","Tufts","12817","NESCAC",3,2021
"524199","Wesleyan (CT)","12817","NESCAC",3,2021
"524218","Williams","12817","NESCAC",3,2021
"523897","Babson","890","NEWMAC",3,2021
"523683","Clark (MA)","890","NEWMAC",3,2021
"524175","Coast Guard","890","NEWMAC",3,2021
"523716","Emerson","890","NEWMAC",3,2021
"523804","MIT","890","NEWMAC",3,2021
"523825","Mount Holyoke","890","NEWMAC",3,2021
"524023","Smith","890","NEWMAC",3,2021
"524028","Springfield","890","NEWMAC",3,2021
"524235","WPI","890","NEWMAC",3,2021
"524194","Wellesley","890","NEWMAC",3,2021
"524208","Wheaton (MA)","890","NEWMAC",3,2021
"523773","Kean","891","NJAC",3,2021
"523822","Montclair St.","891","NJAC",3,2021
"523763","New Jersey City","891","NJAC",3,2021
"523972","Ramapo","891","NJAC",3,2021
"523734","Rowan","891","NJAC",3,2021
"523992","Rutgers-Camden","891","NJAC",3,2021
"523993","Rutgers-Newark","891","NJAC",3,2021
"524031","Stockton","891","NJAC",3,2021
"524217","Wm. Paterson","891","NJAC",3,2021
"524260","George Fox","25300","NWC",3,2021
"524126","Lewis & Clark","25300","NWC",3,2021
"524038","Linfield","25300","NWC",3,2021
"524077","Pacific (OR)","25300","NWC",3,2021
"524051","Pacific Lutheran","25300","NWC",3,2021
"523971","Puget Sound","25300","NWC",3,2021
"524209","Whitman","25300","NWC",3,2021
"524066","Whitworth","25300","NWC",3,2021
"524215","Willamette","25300","NWC",3,2021
"524133","Cazenovia","30026","North Atlantic",3,2021
"524270","Husson","30026","North Atlantic",3,2021
"523793","Maine Maritime","30026","North Atlantic",3,2021
"523833","Me.-Presque Isle","30026","North Atlantic",3,2021
"523859","SUNY Canton","30026","North Atlantic",3,2021
"523848","SUNY Cobleskill","30026","North Atlantic",3,2021
"524278","SUNY Delhi","30026","North Atlantic",3,2021
"524100","SUNY Poly","30026","North Atlantic",3,2021
"523841","VTSU Lyndon","30026","North Atlantic",3,2021
"523768","VTSU-Johnson","30026","North Atlantic",3,2021
"523898","Baldwin Wallace","901","OAC",3,2021
"524159","Capital","901","OAC",3,2021
"523747","Heidelberg","901","OAC",3,2021
"523764","John Carroll","901","OAC",3,2021
"523795","Marietta","901","OAC",3,2021
"523827","Mount Union","901","OAC",3,2021
"523928","Muskingum","901","OAC",3,2021
"523949","Ohio Northern","901","OAC",3,2021
"523958","Otterbein","901","OAC",3,2021
"524067","Wilmington (OH)","901","OAC",3,2021
"523911","Bridgewater (VA)","903","ODAC",3,2021
"523710","East. Mennonite","903","ODAC",3,2021
"523725","Ferrum","903","ODAC",3,2021
"524265","Guilford","903","ODAC",3,2021
"523751","Hollins","903","ODAC",3,2021
"523790","Lynchburg","903","ODAC",3,2021
"523975","Randolph","903","ODAC",3,2021
"523974","Randolph-Macon","903","ODAC",3,2021
"523983","Roanoke","903","ODAC",3,2021
"524016","Shenandoah","903","ODAC",3,2021
"524183","Va. Wesleyan","903","ODAC",3,2021
"524188","Wash. & Lee","903","ODAC",3,2021
"523904","Bethany (WV)","907","PAC",3,2021
"524103","Chatham","907","PAC",3,2021
"523844","Franciscan","907","PAC",3,2021
"523849","Geneva","907","PAC",3,2021
"523739","Grove City","907","PAC",3,2021
"523840","Saint Vincent","907","PAC",3,2021
"524037","Thiel","907","PAC",3,2021
"524187","Wash. & Jeff.","907","PAC",3,2021
"524062","Waynesburg","907","PAC",3,2021
"524064","Westminster (PA)","907","PAC",3,2021
"524249","Berry","30169","SAA",3,2021
"524145","Birmingham-So.","30169","SAA",3,2021
"523676","Centre","30169","SAA",3,2021
"524267","Hendrix","30169","SAA",3,2021
"523819","Millsaps","30169","SAA",3,2021
"524073","Oglethorpe","30169","SAA",3,2021
"523981","Rhodes","30169","SAA",3,2021
"524024","Sewanee","30169","SAA",3,2021
"524243","Austin","835","SCAC",3,2021
"523673","Centenary (LA)","835","SCAC",3,2021
"523690","Colorado Col.","835","SCAC",3,2021
"524253","Dallas","835","SCAC",3,2021
"524058","Schreiner","835","SCAC",3,2021
"524095","Southwestern (TX)","835","SCAC",3,2021
"525015","St. Thomas (TX)","835","SCAC",3,2021
"524060","Texas Lutheran","835","SCAC",3,2021
"524172","Trinity (TX)","835","SCAC",3,2021
"523924","Cal Lutheran","910","SCIAC",3,2021
"523923","Caltech","910","SCIAC",3,2021
"523677","Chapman","910","SCIAC",3,2021
"523682","Claremont-M-S","910","SCIAC",3,2021
"523780","La Verne","910","SCIAC",3,2021
"523948","Occidental","910","SCIAC",3,2021
"523967","Pomona-Pitzer","910","SCIAC",3,2021
"523977","Redlands","910","SCIAC",3,2021
"524211","Whittier","910","SCIAC",3,2021
"523907","Blackburn","12974","SLIAC",3,2021
"523722","Eureka","12974","SLIAC",3,2021
"524107","Fontbonne","12974","SLIAC",3,2021
"524263","Greenville","12974","SLIAC",3,2021
"523970","Principia","12974","SLIAC",3,2021
"524130","Spalding","12974","SLIAC",3,2021
"524192","Webster","12974","SLIAC",3,2021
"524063","Westminster (MO)","12974","SLIAC",3,2021
"523920","Buffalo St.","917","SUNYAC",3,2021
"523697","Cortland","917","SUNYAC",3,2021
"523729","Fredonia","917","SUNYAC",3,2021
"523956","Oswego St.","917","SUNYAC",3,2021
"523964","Plattsburgh St.","917","SUNYAC",3,2021
"523914","SUNY Brockport","917","SUNYAC",3,2021
"523732","SUNY Geneseo","917","SUNYAC",3,2021
"523932","SUNY New Paltz","917","SUNYAC",3,2021
"523955","SUNY Oneonta","917","SUNYAC",3,2021
"523968","SUNY Potsdam","917","SUNYAC",3,2021
"524144","Farmingdale St.","13054","Skyline",3,2021
"523794","Manhattanville","13054","Skyline",3,2021
"524176","Merchant Marine","13054","Skyline",3,2021
"524070","Mt. St. Mary (NY)","13054","Skyline",3,2021
"523952","Old Westbury","13054","Skyline",3,2021
"524150","Purchase","13054","Skyline",3,2021
"523934","SUNY Maritime","13054","Skyline",3,2021
"523856","Sarah Lawrence","13054","Skyline",3,2021
"523845","St. Joseph's (Brkln)","13054","Skyline",3,2021
"524056","St. Joseph's (L.I.)","13054","Skyline",3,2021
"523826","UMSV","13054","Skyline",3,2021
"524238","Yeshiva","13054","Skyline",3,2021
"523910","Brandeis","1471","UAA",3,2021
"524166","CWRU","1471","UAA",3,2021
"524162","Carnegie Mellon","1471","UAA",3,2021
"523720","Emory","1471","UAA",3,2021
"523935","NYU","1471","UAA",3,2021
"523986","Rochester (NY)","1471","UAA",3,2021
"523679","UChicago","1471","UAA",3,2021
"524191","WashU","1471","UAA",3,2021
"523830","Bethany Lutheran","30115","UMAC",3,2021
"524155","Crown (MN)","30115","UMAC",3,2021
"524089","Martin Luther","30115","UMAC",3,2021
"524045","Minn.-Morris","30115","UMAC",3,2021
"523831","North Central (MN)","30115","UMAC",3,2021
"524049","Northland","30115","UMAC",3,2021
"524151","Northwestern-St. Paul","30115","UMAC",3,2021
"524229","Wis.-Superior","30115","UMAC",3,2021
"524106","Agnes Scott","842","USA South",3,2021
"523896","Averett","842","USA South",3,2021
"523863","Berea","842","USA South",3,2021
"523877","Brevard","842","USA South",3,2021
"523852","Covenant","842","USA South",3,2021
"523736","Greensboro","842","USA South",3,2021
"524269","Huntingdon","842","USA South",3,2021
"524273","LaGrange","842","USA South",3,2021
"523797","Mary Baldwin","842","USA South",3,2021
"523801","Maryville (TN)","842","USA South",3,2021
"523810","Meredith","842","USA South",3,2021
"523813","Methodist","842","USA South",3,2021
"523941","N.C. Wesleyan","842","USA South",3,2021
"523870","Pfeiffer","842","USA South",3,2021
"524123","Piedmont","842","USA South",3,2021
"523834","Salem (NC)","842","USA South",3,2021
"523858","Southern Va.","842","USA South",3,2021
"524280","Wesleyan (GA)","842","USA South",3,2021
"524119","William Peace","842","USA South",3,2021
"523730","Gallaudet","30071","United East",3,2021
"523851","Lancaster Bible","30071","United East",3,2021
"523869","Penn College","30071","United East",3,2021
"523847","Penn St. Harrisburg","30071","United East",3,2021
"523854","Penn St.-Abington","30071","United East",3,2021
"523837","Penn St.-Berks","30071","United East",3,2021
"523843","SUNY Morrisville","30071","United East",3,2021
"524002","St. Mary's (MD)","30071","United East",3,2021
"524195","Wells","30071","United East",3,2021
"524225","UW-River Falls","1473","WIAC",3,2021
"524220","Wis.-Eau Claire","1473","WIAC",3,2021
"524221","Wis.-La Crosse","1473","WIAC",3,2021
"524222","Wis.-Oshkosh","1473","WIAC",3,2021
"524223","Wis.-Platteville","1473","WIAC",3,2021
"524227","Wis.-Stevens Point","1473","WIAC",3,2021
"524228","Wis.-Stout","1473","WIAC",3,2021
"524231","Wis.-Whitewater","1473","WIAC",3,2021
"539975","Alfred St.","30022","AMCC",3,2022
"539701","Hilbert","30022","AMCC",3,2022
"539835","La Roche","30022","AMCC",3,2022
"539752","Mount Aloysius","30022","AMCC",3,2022
"539742","Penn St.-Altoona","30022","AMCC",3,2022
"539597","Penn St.-Behrend","30022","AMCC",3,2022
"539681","Pitt.-Bradford","30022","AMCC",3,2022
"539721","Pitt.-Greensburg","30022","AMCC",3,2022
"539741","Concordia (TX)","14825","ASC",3,2022
"539821","East Tex. Baptist","14825","ASC",3,2022
"539892","Hardin-Simmons","14825","ASC",3,2022
"539697","Howard Payne","14825","ASC",3,2022
"539704","LeTourneau","14825","ASC",3,2022
"539674","Mary Hardin-Baylor","14825","ASC",3,2022
"539705","McMurry","14825","ASC",3,2022
"539685","Sul Ross St.","14825","ASC",3,2022
"539735","Texas-Dallas","14825","ASC",3,2022
"539539","Buena Vista","864","American Rivers",3,2022
"539843","Central (IA)","864","American Rivers",3,2022
"539852","Coe","864","American Rivers",3,2022
"539866","Dubuque","864","American Rivers",3,2022
"539921","Loras","864","American Rivers",3,2022
"539922","Luther","864","American Rivers",3,2022
"539558","Neb. Wesleyan","864","American Rivers",3,2022
"539657","Simpson","864","American Rivers",3,2022
"539772","Wartburg","864","American Rivers",3,2022
"539542","Cabrini","30233","Atlantic East",3,2022
"539723","Centenary (NJ)","30233","Atlantic East",3,2022
"539722","Gwynedd Mercy","30233","Atlantic East",3,2022
"539903","Immaculata","30233","Atlantic East",3,2022
"539931","Marymount (VA)","30233","Atlantic East",3,2022
"539933","Marywood","30233","Atlantic East",3,2022
"539676","Neumann","30233","Atlantic East",3,2022
"539848","Chris. Newport","15810","C2C",3,2022
"539749","Finlandia","15810","C2C",3,2022
"539930","Mary Washington","15810","C2C",3,2022
"539750","Mount Mary","15810","C2C",3,2022
"539845","Pratt","15810","C2C",3,2022
"539652","Salisbury","15810","C2C",3,2022
"539548","UC Santa Cruz","15810","C2C",3,2022
"539504","Augustana (IL)","836","CCIW",3,2022
"539757","Carroll (WI)","836","CCIW",3,2022
"539758","Carthage","836","CCIW",3,2022
"539871","Elmhurst","836","CCIW",3,2022
"539902","Ill. Wesleyan","836","CCIW",3,2022
"539942","Millikin","836","CCIW",3,2022
"539574","North Central (IL)","836","CCIW",3,2022
"539576","North Park","836","CCIW",3,2022
"539786","Wheaton (IL)","836","CCIW",3,2022
"539719","Agnes Scott","30251","CCS",3,2022
"539983","Belhaven","30251","CCS",3,2022
"539976","Berea","30251","CCS",3,2022
"539968","Covenant","30251","CCS",3,2022
"539830","Huntingdon","30251","CCS",3,2022
"539834","LaGrange","30251","CCS",3,2022
"539932","Maryville (TN)","30251","CCS",3,2022
"539731","Piedmont","30251","CCS",3,2022
"539839","Wesleyan (GA)","30251","CCS",3,2022
"539861","Curry","839","CNE",3,2022
"539714","Endicott","839","CNE",3,2022
"539825","Gordon","839","CNE",3,2022
"539568","Nichols","839","CNE",3,2022
"539635","Roger Williams","839","CNE",3,2022
"539653","Salve Regina","839","CNE",3,2022
"539666","Suffolk","839","CNE",3,2022
"539677","U New England","839","CNE",3,2022
"539780","Wentworth","839","CNE",3,2022
"539784","Western New Eng.","839","CNE",3,2022
"539978","Bryn Athyn","21062","CSAC",3,2022
"539680","Cairn","21062","CSAC",3,2022
"539725","Cedar Crest","21062","CSAC",3,2022
"539813","Clarks Summit","21062","CSAC",3,2022
"539958","Keystone","21062","CSAC",3,2022
"539708","Notre Dame (MD)","21062","CSAC",3,2022
"539726","Rosemont","21062","CSAC",3,2022
"539716","Saint Elizabeth","21062","CSAC",3,2022
"539974","Valley Forge","21062","CSAC",3,2022
"539724","Wilson","21062","CSAC",3,2022
"539518","Baruch","834","CUNYAC",3,2022
"539535","Brooklyn","834","CUNYAC",3,2022
"539565","CCNY","834","CUNYAC",3,2022
"539899","Hunter","834","CUNYAC",3,2022
"539907","John Jay","834","CUNYAC",3,2022
"539895","Lehman","834","CUNYAC",3,2022
"539937","Medgar Evers","834","CUNYAC",3,2022
"539696","York (NY)","834","CUNYAC",3,2022
"539537","Bryn Mawr","9683","Centennial",3,2022
"539865","Dickinson","9683","Centennial",3,2022
"539880","Franklin & Marshall","9683","Centennial",3,2022
"539884","Gettysburg","9683","Centennial",3,2022
"539837","Haverford","9683","Centennial",3,2022
"539908","Johns Hopkins","9683","Centennial",3,2022
"539783","McDaniel","9683","Centennial",3,2022
"539951","Muhlenberg","9683","Centennial",3,2022
"539668","Swarthmore","9683","Centennial",3,2022
"539768","Ursinus","9683","Centennial",3,2022
"539775","Washington Col.","9683","Centennial",3,2022
"539699","Asbury","99020","DIII Independent",3,2022
"539840","Bob Jones","99020","DIII Independent",3,2022
"539993","MUW","99020","DIII Independent",3,2022
"539672","Maranatha Baptist","99020","DIII Independent",3,2022
"539737","Trinity Washington","99020","DIII Independent",3,2022
"539988","Alfred","863","Empire 8",3,2022
"539872","Elmira","863","Empire 8",3,2022
"539893","Hartwick","863","Empire 8",3,2022
"539970","Houghton","863","Empire 8",3,2022
"539833","Keuka","863","Empire 8",3,2022
"539739","Medaille","863","Empire 8",3,2022
"539556","Nazareth","863","Empire 8",3,2022
"539718","Russell Sage","863","Empire 8",3,2022
"539643","St. John Fisher","863","Empire 8",3,2022
"539769","Utica","863","Empire 8",3,2022
"539700","Albertus Magnus","23257","Great Northeast",3,2022
"539500","Anna Maria","23257","Great Northeast",3,2022
"539854","Colby-Sawyer","23257","Great Northeast",3,2022
"539841","Dean","23257","Great Northeast",3,2022
"539595","Elms","23257","Great Northeast",3,2022
"539874","Emmanuel (MA)","23257","Great Northeast",3,2022
"539734","JWU (Providence)","23257","Great Northeast",3,2022
"539703","Lasell","23257","Great Northeast",3,2022
"539578","Norwich","23257","Great Northeast",3,2022
"539619","Regis (MA)","23257","Great Northeast",3,2022
"539729","Rivier","23257","Great Northeast",3,2022
"539709","Saint Joseph (CT)","23257","Great Northeast",3,2022
"539656","Simmons","23257","Great Northeast",3,2022
"539644","St. Joseph's (ME)","23257","Great Northeast",3,2022
"539811","Anderson (IN)","9174","HCAC",3,2022
"539817","Bluffton","9174","HCAC",3,2022
"539820","Defiance","9174","HCAC",3,2022
"539867","Earlham","9174","HCAC",3,2022
"539694","Franklin","9174","HCAC",3,2022
"539828","Hanover","9174","HCAC",3,2022
"539671","Manchester","9174","HCAC",3,2022
"539706","Mt. St. Joseph","9174","HCAC",3,2022
"539637","Rose-Hulman","9174","HCAC",3,2022
"539746","Transylvania","9174","HCAC",3,2022
"539761","Catholic","30101","Landmark",3,2022
"539498","Drew","30101","Landmark",3,2022
"539870","Elizabethtown","30101","Landmark",3,2022
"539692","Goucher","30101","Landmark",3,2022
"539910","Juniata","30101","Landmark",3,2022
"539947","Moravian","30101","Landmark",3,2022
"539654","Scranton","30101","Landmark",3,2022
"539667","Susquehanna","30101","Landmark",3,2022
"539814","Bard","24197","Liberty League",3,2022
"539851","Clarkson","24197","Liberty League",3,2022
"539904","Ithaca","24197","Liberty League",3,2022
"539628","RIT","24197","Liberty League",3,2022
"539658","Skidmore","24197","Liberty League",3,2022
"539645","St. Lawrence","24197","Liberty League",3,2022
"539767","Union (NY)","24197","Liberty League",3,2022
"539770","Vassar","24197","Liberty League",3,2022
"541036","William Smith","24197","Liberty League",3,2022
"539868","Eastern Conn. St.","867","Little East",3,2022
"539913","Keene St.","867","Little East",3,2022
"539600","Plymouth St.","867","Little East",3,2022
"539620","Rhode Island Col.","867","Little East",3,2022
"539662","Southern Me.","867","Little East",3,2022
"539936","UMass Boston","867","Little East",3,2022
"539661","UMass Dartmouth","867","Little East",3,2022
"539760","VTSU Castleton","867","Little East",3,2022
"539782","WestConn","867","Little East",3,2022
"539987","Albright","28744","MAC Commonwealth",3,2022
"539810","Alvernia","28744","MAC Commonwealth",3,2022
"539713","Eastern","28744","MAC Commonwealth",3,2022
"539702","Hood","28744","MAC Commonwealth",3,2022
"539920","Lebanon Valley","28744","MAC Commonwealth",3,2022
"539939","Messiah","28744","MAC Commonwealth",3,2022
"539732","Stevenson","28744","MAC Commonwealth",3,2022
"539790","Widener","28744","MAC Commonwealth",3,2022
"539809","York (PA)","28744","MAC Commonwealth",3,2022
"539815","Arcadia","28745","MAC Freedom",3,2022
"539990","DeSales","28745","MAC Freedom",3,2022
"539863","Delaware Valley","28745","MAC Freedom",3,2022
"539877","FDU-Florham","28745","MAC Freedom",3,2022
"539915","King's (PA)","28745","MAC Freedom",3,2022
"539923","Lycoming","28745","MAC Freedom",3,2022
"539727","Misericordia","28745","MAC Freedom",3,2022
"539664","Stevens","28745","MAC Freedom",3,2022
"539791","Wilkes","28745","MAC Freedom",3,2022
"539531","Bridgewater St.","870","MASCAC",3,2022
"539982","Fitchburg St.","870","MASCAC",3,2022
"539879","Framingham St.","870","MASCAC",3,2022
"539570","MCLA","870","MASCAC",3,2022
"539935","Mass. Maritime","870","MASCAC",3,2022
"539651","Salem St.","870","MASCAC",3,2022
"539785","Westfield St.","870","MASCAC",3,2022
"539807","Worcester St.","870","MASCAC",3,2022
"539502","Augsburg","882","MIAC",3,2022
"539522","Bethel (MN)","882","MIAC",3,2022
"539755","Carleton","882","MIAC",3,2022
"539857","Concordia-M'head","882","MIAC",3,2022
"539889","Gustavus Adolphus","882","MIAC",3,2022
"539891","Hamline","882","MIAC",3,2022
"539925","Macalester","882","MIAC",3,2022
"539641","Saint Benedict","882","MIAC",3,2022
"539647","Saint Mary's (MN)","882","MIAC",3,2022
"539642","St. Catherine","882","MIAC",3,2022
"539649","St. Olaf","882","MIAC",3,2022
"539650","St. Scholastica","882","MIAC",3,2022
"539516","Beloit","23119","MWC",3,2022
"539859","Cornell College","23119","MWC",3,2022
"539887","Grinnell","23119","MWC",3,2022
"539901","Illinois Col.","23119","MWC",3,2022
"539916","Knox","23119","MWC",3,2022
"539918","Lake Forest","23119","MWC",3,2022
"539919","Lawrence","23119","MWC",3,2022
"539945","Monmouth (IL)","23119","MWC",3,2022
"539624","Ripon","23119","MWC",3,2022
"539985","Adrian","873","Michigan Intercol. Ath. Assn.",3,2022
"539986","Albion","873","Michigan Intercol. Ath. Assn.",3,2022
"539991","Alma","873","Michigan Intercol. Ath. Assn.",3,2022
"539550","Calvin","873","Michigan Intercol. Ath. Assn.",3,2022
"539898","Hope","873","Michigan Intercol. Ath. Assn.",3,2022
"539911","Kalamazoo","873","Michigan Intercol. Ath. Assn.",3,2022
"539589","Olivet","873","Michigan Intercol. Ath. Assn.",3,2022
"539710","St. Mary's (IN)","873","Michigan Intercol. Ath. Assn.",3,2022
"539753","Trine","873","Michigan Intercol. Ath. Assn.",3,2022
"539745","Alverno","30097","NACC",3,2022
"539506","Aurora","30097","NACC",3,2022
"539900","Benedictine (IL)","30097","NACC",3,2022
"539856","Concordia Chicago","30097","NACC",3,2022
"539818","Concordia Wisconsin","30097","NACC",3,2022
"539682","Dominican (IL)","30097","NACC",3,2022
"539823","Edgewood","30097","NACC",3,2022
"539977","Illinois Tech","30097","NACC",3,2022
"539836","Lakeland","30097","NACC",3,2022
"539730","MSOE","30097","NACC",3,2022
"539673","Marian (WI)","30097","NACC",3,2022
"539633","Rockford","30097","NACC",3,2022
"539648","St. Norbert","30097","NACC",3,2022
"539712","Wis. Lutheran","30097","NACC",3,2022
"539862","DePauw","897","NCAC",3,2022
"539864","Denison","897","NCAC",3,2022
"539896","Hiram","897","NCAC",3,2022
"539914","Kenyon","897","NCAC",3,2022
"539579","Oberlin","897","NCAC",3,2022
"539585","Ohio Wesleyan","897","NCAC",3,2022
"539804","Wittenberg","897","NCAC",3,2022
"539805","Wooster","897","NCAC",3,2022
"539822","Eastern Nazarene","888","NECC",3,2022
"539740","Lesley","888","NECC",3,2022
"539956","Mitchell","888","NECC",3,2022
"539981","New England Col.","888","NECC",3,2022
"539992","Amherst","12817","NESCAC",3,2022
"539514","Bates","12817","NESCAC",3,2022
"539526","Bowdoin","12817","NESCAC",3,2022
"539853","Colby","12817","NESCAC",3,2022
"539858","Connecticut Col.","12817","NESCAC",3,2022
"539890","Hamilton","12817","NESCAC",3,2022
"539941","Middlebury","12817","NESCAC",3,2022
"539762","Trinity (CT)","12817","NESCAC",3,2022
"539764","Tufts","12817","NESCAC",3,2022
"539781","Wesleyan (CT)","12817","NESCAC",3,2022
"539794","Williams","12817","NESCAC",3,2022
"539510","Babson","890","NEWMAC",3,2022
"539850","Clark (MA)","890","NEWMAC",3,2022
"539765","Coast Guard","890","NEWMAC",3,2022
"539873","Emerson","890","NEWMAC",3,2022
"539934","MIT","890","NEWMAC",3,2022
"539948","Mount Holyoke","890","NEWMAC",3,2022
"539659","Smith","890","NEWMAC",3,2022
"539663","Springfield","890","NEWMAC",3,2022
"539806","WPI","890","NEWMAC",3,2022
"539778","Wellesley","890","NEWMAC",3,2022
"539787","Wheaton (MA)","890","NEWMAC",3,2022
"539912","Kean","891","NJAC",3,2022
"539946","Montclair St.","891","NJAC",3,2022
"539905","New Jersey City","891","NJAC",3,2022
"539611","Ramapo","891","NJAC",3,2022
"539885","Rowan","891","NJAC",3,2022
"539638","Rutgers-Camden","891","NJAC",3,2022
"539640","Rutgers-Newark","891","NJAC",3,2022
"539665","Stockton","891","NJAC",3,2022
"539793","Wm. Paterson","891","NJAC",3,2022
"539824","George Fox","25300","NWC",3,2022
"539733","Lewis & Clark","25300","NWC",3,2022
"539670","Linfield","25300","NWC",3,2022
"539698","Pacific (OR)","25300","NWC",3,2022
"539679","Pacific Lutheran","25300","NWC",3,2022
"539608","Puget Sound","25300","NWC",3,2022
"539788","Whitman","25300","NWC",3,2022
"539690","Whitworth","25300","NWC",3,2022
"539792","Willamette","25300","NWC",3,2022
"539738","Cazenovia","30026","North Atlantic",3,2022
"539831","Husson","30026","North Atlantic",3,2022
"539926","Maine Maritime","30026","North Atlantic",3,2022
"539954","Me.-Presque Isle","30026","North Atlantic",3,2022
"539973","SUNY Canton","30026","North Atlantic",3,2022
"539965","SUNY Cobleskill","30026","North Atlantic",3,2022
"539838","SUNY Delhi","30026","North Atlantic",3,2022
"539715","SUNY Poly","30026","North Atlantic",3,2022
"539960","VTSU Lyndon","30026","North Atlantic",3,2022
"539909","VTSU-Johnson","30026","North Atlantic",3,2022
"539512","Baldwin Wallace","901","OAC",3,2022
"539754","Capital","901","OAC",3,2022
"539894","Heidelberg","901","OAC",3,2022
"539906","John Carroll","901","OAC",3,2022
"539928","Marietta","901","OAC",3,2022
"539950","Mount Union","901","OAC",3,2022
"539554","Muskingum","901","OAC",3,2022
"539583","Ohio Northern","901","OAC",3,2022
"539593","Otterbein","901","OAC",3,2022
"539691","Wilmington (OH)","901","OAC",3,2022
"539508","Averett","903","ODAC",3,2022
"539530","Bridgewater (VA)","903","ODAC",3,2022
"539869","East. Mennonite","903","ODAC",3,2022
"539878","Ferrum","903","ODAC",3,2022
"539827","Guilford","903","ODAC",3,2022
"539897","Hollins","903","ODAC",3,2022
"539924","Lynchburg","903","ODAC",3,2022
"539615","Randolph","903","ODAC",3,2022
"539613","Randolph-Macon","903","ODAC",3,2022
"539626","Roanoke","903","ODAC",3,2022
"539655","Shenandoah","903","ODAC",3,2022
"539771","Va. Wesleyan","903","ODAC",3,2022
"539774","Wash. & Lee","903","ODAC",3,2022
"539989","Allegheny","907","PAC",3,2022
"539520","Bethany (WV)","907","PAC",3,2022
"539717","Chatham","907","PAC",3,2022
"539962","Franciscan","907","PAC",3,2022
"539966","Geneva","907","PAC",3,2022
"539888","Grove City","907","PAC",3,2022
"539959","Saint Vincent","907","PAC",3,2022
"539669","Thiel","907","PAC",3,2022
"539773","Wash. & Jeff.","907","PAC",3,2022
"539687","Waynesburg","907","PAC",3,2022
"539689","Westminster (PA)","907","PAC",3,2022
"539816","Berry","30169","SAA",3,2022
"539744","Birmingham-So.","30169","SAA",3,2022
"539844","Centre","30169","SAA",3,2022
"539829","Hendrix","30169","SAA",3,2022
"539944","Millsaps","30169","SAA",3,2022
"539695","Oglethorpe","30169","SAA",3,2022
"539622","Rhodes","30169","SAA",3,2022
"539660","Sewanee","30169","SAA",3,2022
"539812","Austin","835","SCAC",3,2022
"539842","Centenary (LA)","835","SCAC",3,2022
"539855","Colorado Col.","835","SCAC",3,2022
"539819","Dallas","835","SCAC",3,2022
"539684","Schreiner","835","SCAC",3,2022
"539711","Southwestern (TX)","835","SCAC",3,2022
"539832","St. Thomas (TX)","835","SCAC",3,2022
"539686","Texas Lutheran","835","SCAC",3,2022
"539763","Trinity (TX)","835","SCAC",3,2022
"539546","Cal Lutheran","910","SCIAC",3,2022
"539545","Caltech","910","SCIAC",3,2022
"539846","Chapman","910","SCIAC",3,2022
"539849","Claremont-M-S","910","SCIAC",3,2022
"539917","La Verne","910","SCIAC",3,2022
"539581","Occidental","910","SCIAC",3,2022
"539603","Pomona-Pitzer","910","SCIAC",3,2022
"539617","Redlands","910","SCIAC",3,2022
"539789","Whittier","910","SCIAC",3,2022
"539524","Blackburn","12974","SLIAC",3,2022
"539876","Eureka","12974","SLIAC",3,2022
"539720","Fontbonne","12974","SLIAC",3,2022
"539826","Greenville","12974","SLIAC",3,2022
"539607","Principia","12974","SLIAC",3,2022
"539736","Spalding","12974","SLIAC",3,2022
"539777","Webster","12974","SLIAC",3,2022
"539688","Westminster (MO)","12974","SLIAC",3,2022
"539541","Buffalo St.","917","SUNYAC",3,2022
"539860","Cortland","917","SUNYAC",3,2022
"539881","Fredonia","917","SUNYAC",3,2022
"539591","Oswego St.","917","SUNYAC",3,2022
"539599","Plattsburgh St.","917","SUNYAC",3,2022
"539533","SUNY Brockport","917","SUNYAC",3,2022
"539883","SUNY Geneseo","917","SUNYAC",3,2022
"539560","SUNY New Paltz","917","SUNYAC",3,2022
"539590","SUNY Oneonta","917","SUNYAC",3,2022
"539605","SUNY Potsdam","917","SUNYAC",3,2022
"539743","Farmingdale St.","13054","Skyline",3,2022
"539927","Manhattanville","13054","Skyline",3,2022
"539766","Merchant Marine","13054","Skyline",3,2022
"539693","Mt. St. Mary (NY)","13054","Skyline",3,2022
"539587","Old Westbury","13054","Skyline",3,2022
"539747","Purchase","13054","Skyline",3,2022
"539562","SUNY Maritime","13054","Skyline",3,2022
"539971","Sarah Lawrence","13054","Skyline",3,2022
"539963","St. Joseph's (Brkln)","13054","Skyline",3,2022
"539683","St. Joseph's (L.I.)","13054","Skyline",3,2022
"539949","UMSV","13054","Skyline",3,2022
"539808","Yeshiva","13054","Skyline",3,2022
"539527","Brandeis","1471","UAA",3,2022
"539759","CWRU","1471","UAA",3,2022
"539756","Carnegie Mellon","1471","UAA",3,2022
"539875","Emory","1471","UAA",3,2022
"539564","NYU","1471","UAA",3,2022
"539630","Rochester (NY)","1471","UAA",3,2022
"539847","UChicago","1471","UAA",3,2022
"539776","WashU","1471","UAA",3,2022
"539952","Bethany Lutheran","30115","UMAC",3,2022
"539751","Crown (MN)","30115","UMAC",3,2022
"539707","Martin Luther","30115","UMAC",3,2022
"539675","Minn.-Morris","30115","UMAC",3,2022
"539953","North Central (MN)","30115","UMAC",3,2022
"539678","Northland","30115","UMAC",3,2022
"539748","Northwestern-St. Paul","30115","UMAC",3,2022
"539802","Wis.-Superior","30115","UMAC",3,2022
"539984","Brevard","842","USA South",3,2022
"539886","Greensboro","842","USA South",3,2022
"539929","Mary Baldwin","842","USA South",3,2022
"539938","Meredith","842","USA South",3,2022
"539940","Methodist","842","USA South",3,2022
"539572","N.C. Wesleyan","842","USA South",3,2022
"539980","Pfeiffer","842","USA South",3,2022
"539955","Salem (NC)","842","USA South",3,2022
"539972","Southern Va.","842","USA South",3,2022
"539728","William Peace","842","USA South",3,2022
"539882","Gallaudet","30071","United East",3,2022
"539967","Lancaster Bible","30071","United East",3,2022
"539979","Penn College","30071","United East",3,2022
"539964","Penn St. Harrisburg","30071","United East",3,2022
"539969","Penn St.-Abington","30071","United East",3,2022
"539957","Penn St.-Berks","30071","United East",3,2022
"539961","SUNY Morrisville","30071","United East",3,2022
"539646","St. Mary's (MD)","30071","United East",3,2022
"539779","Wells","30071","United East",3,2022
"539799","UW-River Falls","1473","WIAC",3,2022
"539795","Wis.-Eau Claire","1473","WIAC",3,2022
"539796","Wis.-La Crosse","1473","WIAC",3,2022
"539797","Wis.-Oshkosh","1473","WIAC",3,2022
"539798","Wis.-Platteville","1473","WIAC",3,2022
"539800","Wis.-Stevens Point","1473","WIAC",3,2022
"539801","Wis.-Stout","1473","WIAC",3,2022
"539803","Wis.-Whitewater","1473","WIAC",3,2022
"560122","Alfred St.","30022","AMCC",3,2023
"559849","Hilbert","30022","AMCC",3,2023
"559983","La Roche","30022","AMCC",3,2023
"559900","Mount Aloysius","30022","AMCC",3,2023
"559890","Penn St.-Altoona","30022","AMCC",3,2023
"559766","Penn St.-Behrend","30022","AMCC",3,2023
"559829","Pitt.-Bradford","30022","AMCC",3,2023
"559869","Pitt.-Greensburg","30022","AMCC",3,2023
"559927","Wells","30022","AMCC",3,2023
"559889","Concordia (TX)","14825","ASC",3,2023
"559969","East Tex. Baptist","14825","ASC",3,2023
"560040","Hardin-Simmons","14825","ASC",3,2023
"559845","Howard Payne","14825","ASC",3,2023
"559852","LeTourneau","14825","ASC",3,2023
"559822","Mary Hardin-Baylor","14825","ASC",3,2023
"559853","McMurry","14825","ASC",3,2023
"559833","Sul Ross St.","14825","ASC",3,2023
"559883","Texas-Dallas","14825","ASC",3,2023
"560162","Buena Vista","864","American Rivers",3,2023
"559991","Central (IA)","864","American Rivers",3,2023
"560000","Coe","864","American Rivers",3,2023
"560014","Dubuque","864","American Rivers",3,2023
"560069","Loras","864","American Rivers",3,2023
"560070","Luther","864","American Rivers",3,2023
"559745","Neb. Wesleyan","864","American Rivers",3,2023
"559805","Simpson","864","American Rivers",3,2023
"559920","Wartburg","864","American Rivers",3,2023
"559871","Centenary (NJ)","30233","Atlantic East",3,2023
"559870","Gwynedd Mercy","30233","Atlantic East",3,2023
"560051","Immaculata","30233","Atlantic East",3,2023
"560079","Marymount (VA)","30233","Atlantic East",3,2023
"560081","Marywood","30233","Atlantic East",3,2023
"559824","Neumann","30233","Atlantic East",3,2023
"559996","Chris. Newport","15810","C2C",3,2023
"560078","Mary Washington","15810","C2C",3,2023
"559898","Mount Mary","15810","C2C",3,2023
"559993","Pratt","15810","C2C",3,2023
"559800","Salisbury","15810","C2C",3,2023
"559741","UC Santa Cruz","15810","C2C",3,2023
"571359","Warren Wilson","15810","C2C",3,2023
"560144","Augustana (IL)","836","CCIW",3,2023
"559905","Carroll (WI)","836","CCIW",3,2023
"559906","Carthage","836","CCIW",3,2023
"560019","Elmhurst","836","CCIW",3,2023
"560050","Ill. Wesleyan","836","CCIW",3,2023
"560090","Millikin","836","CCIW",3,2023
"559753","North Central (IL)","836","CCIW",3,2023
"559754","North Park","836","CCIW",3,2023
"559934","Wheaton (IL)","836","CCIW",3,2023
"559867","Agnes Scott","30251","CCS",3,2023
"560130","Belhaven","30251","CCS",3,2023
"560123","Berea","30251","CCS",3,2023
"560115","Covenant","30251","CCS",3,2023
"559978","Huntingdon","30251","CCS",3,2023
"559982","LaGrange","30251","CCS",3,2023
"560080","Maryville (TN)","30251","CCS",3,2023
"559879","Piedmont","30251","CCS",3,2023
"559987","Wesleyan (GA)","30251","CCS",3,2023
"560009","Curry","839","CNE",3,2023
"559862","Endicott","839","CNE",3,2023
"559973","Gordon","839","CNE",3,2023
"558730","Hartford","839","CNE",3,2023
"559750","Nichols","839","CNE",3,2023
"559785","Roger Williams","839","CNE",3,2023
"559814","Suffolk","839","CNE",3,2023
"559825","U New England","839","CNE",3,2023
"559928","Wentworth","839","CNE",3,2023
"559932","Western New Eng.","839","CNE",3,2023
"560151","Baruch","834","CUNYAC",3,2023
"560160","Brooklyn","834","CUNYAC",3,2023
"559749","CCNY","834","CUNYAC",3,2023
"560047","Hunter","834","CUNYAC",3,2023
"560055","John Jay","834","CUNYAC",3,2023
"560043","Lehman","834","CUNYAC",3,2023
"560085","Medgar Evers","834","CUNYAC",3,2023
"559844","York (NY)","834","CUNYAC",3,2023
"560161","Bryn Mawr","9683","Centennial",3,2023
"560013","Dickinson","9683","Centennial",3,2023
"560028","Franklin & Marshall","9683","Centennial",3,2023
"560032","Gettysburg","9683","Centennial",3,2023
"559985","Haverford","9683","Centennial",3,2023
"560056","Johns Hopkins","9683","Centennial",3,2023
"559931","McDaniel","9683","Centennial",3,2023
"560098","Muhlenberg","9683","Centennial",3,2023
"559816","Swarthmore","9683","Centennial",3,2023
"559916","Ursinus","9683","Centennial",3,2023
"559923","Washington Col.","9683","Centennial",3,2023
"559847","Asbury","99020","DIII Independent",3,2023
"559820","Maranatha Baptist","99020","DIII Independent",3,2023
"559885","Trinity Washington","99020","DIII Independent",3,2023
"560135","Alfred","863","Empire 8",3,2023
"560020","Elmira","863","Empire 8",3,2023
"560041","Hartwick","863","Empire 8",3,2023
"560117","Houghton","863","Empire 8",3,2023
"559981","Keuka","863","Empire 8",3,2023
"559744","Nazareth","863","Empire 8",3,2023
"559866","Russell Sage","863","Empire 8",3,2023
"559791","St. John Fisher","863","Empire 8",3,2023
"559917","Utica","863","Empire 8",3,2023
"559848","Albertus Magnus","23257","Great Northeast",3,2023
"560142","Anna Maria","23257","Great Northeast",3,2023
"560002","Colby-Sawyer","23257","Great Northeast",3,2023
"559989","Dean","23257","Great Northeast",3,2023
"559765","Elms","23257","Great Northeast",3,2023
"560022","Emmanuel (MA)","23257","Great Northeast",3,2023
"559882","JWU (Providence)","23257","Great Northeast",3,2023
"559851","Lasell","23257","Great Northeast",3,2023
"560103","Mitchell","23257","Great Northeast",3,2023
"560128","New England Col.","23257","Great Northeast",3,2023
"559755","Norwich","23257","Great Northeast",3,2023
"559777","Regis (MA)","23257","Great Northeast",3,2023
"559877","Rivier","23257","Great Northeast",3,2023
"559857","Saint Joseph (CT)","23257","Great Northeast",3,2023
"559804","Simmons","23257","Great Northeast",3,2023
"559792","St. Joseph's (ME)","23257","Great Northeast",3,2023
"559959","Anderson (IN)","9174","HCAC",3,2023
"559965","Bluffton","9174","HCAC",3,2023
"559968","Defiance","9174","HCAC",3,2023
"560015","Earlham","9174","HCAC",3,2023
"559842","Franklin","9174","HCAC",3,2023
"559976","Hanover","9174","HCAC",3,2023
"559819","Manchester","9174","HCAC",3,2023
"559854","Mt. St. Joseph","9174","HCAC",3,2023
"559786","Rose-Hulman","9174","HCAC",3,2023
"559894","Transylvania","9174","HCAC",3,2023
"559909","Catholic","30101","Landmark",3,2023
"560141","Drew","30101","Landmark",3,2023
"560018","Elizabethtown","30101","Landmark",3,2023
"559840","Goucher","30101","Landmark",3,2023
"560058","Juniata","30101","Landmark",3,2023
"560071","Lycoming","30101","Landmark",3,2023
"560094","Moravian","30101","Landmark",3,2023
"559802","Scranton","30101","Landmark",3,2023
"559815","Susquehanna","30101","Landmark",3,2023
"559939","Wilkes","30101","Landmark",3,2023
"559962","Bard","24197","Liberty League",3,2023
"559999","Clarkson","24197","Liberty League",3,2023
"560052","Ithaca","24197","Liberty League",3,2023
"559782","RIT","24197","Liberty League",3,2023
"559806","Skidmore","24197","Liberty League",3,2023
"559793","St. Lawrence","24197","Liberty League",3,2023
"559915","Union (NY)","24197","Liberty League",3,2023
"559918","Vassar","24197","Liberty League",3,2023
"560167","William Smith","24197","Liberty League",3,2023
"560016","Eastern Conn. St.","867","Little East",3,2023
"560061","Keene St.","867","Little East",3,2023
"559768","Plymouth St.","867","Little East",3,2023
"559778","Rhode Island Col.","867","Little East",3,2023
"559810","Southern Me.","867","Little East",3,2023
"560084","UMass Boston","867","Little East",3,2023
"559809","UMass Dartmouth","867","Little East",3,2023
"559908","VTSU Castleton","867","Little East",3,2023
"559930","WestConn","867","Little East",3,2023
"560134","Albright","28744","MAC Commonwealth",3,2023
"559958","Alvernia","28744","MAC Commonwealth",3,2023
"559861","Eastern","28744","MAC Commonwealth",3,2023
"559850","Hood","28744","MAC Commonwealth",3,2023
"560087","Messiah","28744","MAC Commonwealth",3,2023
"559880","Stevenson","28744","MAC Commonwealth",3,2023
"559938","Widener","28744","MAC Commonwealth",3,2023
"559957","York (PA)","28744","MAC Commonwealth",3,2023
"559963","Arcadia","28745","MAC Freedom",3,2023
"560137","DeSales","28745","MAC Freedom",3,2023
"560011","Delaware Valley","28745","MAC Freedom",3,2023
"560025","FDU-Florham","28745","MAC Freedom",3,2023
"560063","King's (PA)","28745","MAC Freedom",3,2023
"560068","Lebanon Valley","28745","MAC Freedom",3,2023
"559875","Misericordia","28745","MAC Freedom",3,2023
"559812","Stevens","28745","MAC Freedom",3,2023
"560158","Bridgewater St.","870","MASCAC",3,2023
"560129","Fitchburg St.","870","MASCAC",3,2023
"560027","Framingham St.","870","MASCAC",3,2023
"559751","MCLA","870","MASCAC",3,2023
"560083","Mass. Maritime","870","MASCAC",3,2023
"559799","Salem St.","870","MASCAC",3,2023
"559933","Westfield St.","870","MASCAC",3,2023
"559955","Worcester St.","870","MASCAC",3,2023
"560143","Augsburg","882","MIAC",3,2023
"560153","Bethel (MN)","882","MIAC",3,2023
"559903","Carleton","882","MIAC",3,2023
"560005","Concordia-M'head","882","MIAC",3,2023
"560037","Gustavus Adolphus","882","MIAC",3,2023
"560039","Hamline","882","MIAC",3,2023
"560073","Macalester","882","MIAC",3,2023
"559789","Saint Benedict","882","MIAC",3,2023
"559795","Saint Mary's (MN)","882","MIAC",3,2023
"559790","St. Catherine","882","MIAC",3,2023
"559797","St. Olaf","882","MIAC",3,2023
"559798","St. Scholastica","882","MIAC",3,2023
"560150","Beloit","23119","MWC",3,2023
"560007","Cornell College","23119","MWC",3,2023
"560035","Grinnell","23119","MWC",3,2023
"560049","Illinois Col.","23119","MWC",3,2023
"560064","Knox","23119","MWC",3,2023
"560066","Lake Forest","23119","MWC",3,2023
"560067","Lawrence","23119","MWC",3,2023
"560092","Monmouth (IL)","23119","MWC",3,2023
"559780","Ripon","23119","MWC",3,2023
"560132","Adrian","873","Michigan Intercol. Ath. Assn.",3,2023
"560133","Albion","873","Michigan Intercol. Ath. Assn.",3,2023
"560138","Alma","873","Michigan Intercol. Ath. Assn.",3,2023
"559742","Calvin","873","Michigan Intercol. Ath. Assn.",3,2023
"560046","Hope","873","Michigan Intercol. Ath. Assn.",3,2023
"560059","Kalamazoo","873","Michigan Intercol. Ath. Assn.",3,2023
"559761","Olivet","873","Michigan Intercol. Ath. Assn.",3,2023
"559858","St. Mary's (IN)","873","Michigan Intercol. Ath. Assn.",3,2023
"559901","Trine","873","Michigan Intercol. Ath. Assn.",3,2023
"559893","Alverno","30097","NACC",3,2023
"560145","Aurora","30097","NACC",3,2023
"560048","Benedictine (IL)","30097","NACC",3,2023
"560004","Concordia Chicago","30097","NACC",3,2023
"559966","Concordia Wisconsin","30097","NACC",3,2023
"559830","Dominican (IL)","30097","NACC",3,2023
"559971","Edgewood","30097","NACC",3,2023
"560124","Illinois Tech","30097","NACC",3,2023
"559984","Lakeland","30097","NACC",3,2023
"559878","MSOE","30097","NACC",3,2023
"559821","Marian (WI)","30097","NACC",3,2023
"559784","Rockford","30097","NACC",3,2023
"559796","St. Norbert","30097","NACC",3,2023
"559860","Wis. Lutheran","30097","NACC",3,2023
"560010","DePauw","897","NCAC",3,2023
"560012","Denison","897","NCAC",3,2023
"560044","Hiram","897","NCAC",3,2023
"560062","Kenyon","897","NCAC",3,2023
"559756","Oberlin","897","NCAC",3,2023
"559759","Ohio Wesleyan","897","NCAC",3,2023
"559952","Wittenberg","897","NCAC",3,2023
"559953","Wooster","897","NCAC",3,2023
"560139","Amherst","12817","NESCAC",3,2023
"560149","Bates","12817","NESCAC",3,2023
"560155","Bowdoin","12817","NESCAC",3,2023
"560001","Colby","12817","NESCAC",3,2023
"560006","Connecticut Col.","12817","NESCAC",3,2023
"560038","Hamilton","12817","NESCAC",3,2023
"560089","Middlebury","12817","NESCAC",3,2023
"559910","Trinity (CT)","12817","NESCAC",3,2023
"559912","Tufts","12817","NESCAC",3,2023
"559929","Wesleyan (CT)","12817","NESCAC",3,2023
"559942","Williams","12817","NESCAC",3,2023
"560147","Babson","890","NEWMAC",3,2023
"559998","Clark (MA)","890","NEWMAC",3,2023
"559913","Coast Guard","890","NEWMAC",3,2023
"560021","Emerson","890","NEWMAC",3,2023
"560082","MIT","890","NEWMAC",3,2023
"560095","Mount Holyoke","890","NEWMAC",3,2023
"559801","Salve Regina","890","NEWMAC",3,2023
"559807","Smith","890","NEWMAC",3,2023
"559811","Springfield","890","NEWMAC",3,2023
"559954","WPI","890","NEWMAC",3,2023
"559926","Wellesley","890","NEWMAC",3,2023
"559935","Wheaton (MA)","890","NEWMAC",3,2023
"560060","Kean","891","NJAC",3,2023
"560093","Montclair St.","891","NJAC",3,2023
"560053","New Jersey City","891","NJAC",3,2023
"559773","Ramapo","891","NJAC",3,2023
"560033","Rowan","891","NJAC",3,2023
"559787","Rutgers-Camden","891","NJAC",3,2023
"559788","Rutgers-Newark","891","NJAC",3,2023
"559813","Stockton","891","NJAC",3,2023
"559941","Wm. Paterson","891","NJAC",3,2023
"559972","George Fox","25300","NWC",3,2023
"559881","Lewis & Clark","25300","NWC",3,2023
"559818","Linfield","25300","NWC",3,2023
"559846","Pacific (OR)","25300","NWC",3,2023
"559827","Pacific Lutheran","25300","NWC",3,2023
"559772","Puget Sound","25300","NWC",3,2023
"559936","Whitman","25300","NWC",3,2023
"559838","Whitworth","25300","NWC",3,2023
"559940","Willamette","25300","NWC",3,2023
"559970","Eastern Nazarene","30026","North Atlantic",3,2023
"559979","Husson","30026","North Atlantic",3,2023
"559888","Lesley","30026","North Atlantic",3,2023
"560074","Maine Maritime","30026","North Atlantic",3,2023
"560101","Me.-Presque Isle","30026","North Atlantic",3,2023
"560120","SUNY Canton","30026","North Atlantic",3,2023
"560112","SUNY Cobleskill","30026","North Atlantic",3,2023
"559986","SUNY Delhi","30026","North Atlantic",3,2023
"560108","SUNY Morrisville","30026","North Atlantic",3,2023
"559863","SUNY Poly","30026","North Atlantic",3,2023
"560107","VTSU Lyndon","30026","North Atlantic",3,2023
"560057","VTSU-Johnson","30026","North Atlantic",3,2023
"560148","Baldwin Wallace","901","OAC",3,2023
"559902","Capital","901","OAC",3,2023
"560042","Heidelberg","901","OAC",3,2023
"560054","John Carroll","901","OAC",3,2023
"560076","Marietta","901","OAC",3,2023
"560097","Mount Union","901","OAC",3,2023
"559743","Muskingum","901","OAC",3,2023
"559758","Ohio Northern","901","OAC",3,2023
"559764","Otterbein","901","OAC",3,2023
"559839","Wilmington (OH)","901","OAC",3,2023
"560146","Averett","903","ODAC",3,2023
"560157","Bridgewater (VA)","903","ODAC",3,2023
"560017","East. Mennonite","903","ODAC",3,2023
"560026","Ferrum","903","ODAC",3,2023
"559975","Guilford","903","ODAC",3,2023
"560045","Hollins","903","ODAC",3,2023
"560072","Lynchburg","903","ODAC",3,2023
"559775","Randolph","903","ODAC",3,2023
"559774","Randolph-Macon","903","ODAC",3,2023
"559781","Roanoke","903","ODAC",3,2023
"559803","Shenandoah","903","ODAC",3,2023
"559919","Va. Wesleyan","903","ODAC",3,2023
"559922","Wash. & Lee","903","ODAC",3,2023
"560136","Allegheny","907","PAC",3,2023
"560152","Bethany (WV)","907","PAC",3,2023
"559865","Chatham","907","PAC",3,2023
"560109","Franciscan","907","PAC",3,2023
"560113","Geneva","907","PAC",3,2023
"560036","Grove City","907","PAC",3,2023
"560106","Saint Vincent","907","PAC",3,2023
"559817","Thiel","907","PAC",3,2023
"559921","Wash. & Jeff.","907","PAC",3,2023
"559835","Waynesburg","907","PAC",3,2023
"559837","Westminster (PA)","907","PAC",3,2023
"559964","Berry","30169","SAA",3,2023
"559892","Birmingham-So.","30169","SAA",3,2023
"559992","Centre","30169","SAA",3,2023
"559977","Hendrix","30169","SAA",3,2023
"560091","Millsaps","30169","SAA",3,2023
"559843","Oglethorpe","30169","SAA",3,2023
"559779","Rhodes","30169","SAA",3,2023
"559808","Sewanee","30169","SAA",3,2023
"559960","Austin","835","SCAC",3,2023
"559990","Centenary (LA)","835","SCAC",3,2023
"560003","Colorado Col.","835","SCAC",3,2023
"559967","Dallas","835","SCAC",3,2023
"559832","Schreiner","835","SCAC",3,2023
"559859","Southwestern (TX)","835","SCAC",3,2023
"559980","St. Thomas (TX)","835","SCAC",3,2023
"559834","Texas Lutheran","835","SCAC",3,2023
"559911","Trinity (TX)","835","SCAC",3,2023
"560166","Cal Lutheran","910","SCIAC",3,2023
"560165","Caltech","910","SCIAC",3,2023
"559994","Chapman","910","SCIAC",3,2023
"559997","Claremont-M-S","910","SCIAC",3,2023
"560065","La Verne","910","SCIAC",3,2023
"559757","Occidental","910","SCIAC",3,2023
"559769","Pomona-Pitzer","910","SCIAC",3,2023
"559776","Redlands","910","SCIAC",3,2023
"559937","Whittier","910","SCIAC",3,2023
"560154","Blackburn","12974","SLIAC",3,2023
"560024","Eureka","12974","SLIAC",3,2023
"559868","Fontbonne","12974","SLIAC",3,2023
"559974","Greenville","12974","SLIAC",3,2023
"571358","Lyon","12974","SLIAC",3,2023
"560140","MUW","12974","SLIAC",3,2023
"559771","Principia","12974","SLIAC",3,2023
"559884","Spalding","12974","SLIAC",3,2023
"559925","Webster","12974","SLIAC",3,2023
"559836","Westminster (MO)","12974","SLIAC",3,2023
"560163","Buffalo St.","917","SUNYAC",3,2023
"560008","Cortland","917","SUNYAC",3,2023
"560029","Fredonia","917","SUNYAC",3,2023
"559763","Oswego St.","917","SUNYAC",3,2023
"559767","Plattsburgh St.","917","SUNYAC",3,2023
"560159","SUNY Brockport","917","SUNYAC",3,2023
"560031","SUNY Geneseo","917","SUNYAC",3,2023
"559746","SUNY New Paltz","917","SUNYAC",3,2023
"559762","SUNY Oneonta","917","SUNYAC",3,2023
"559770","SUNY Potsdam","917","SUNYAC",3,2023
"559891","Farmingdale St.","13054","Skyline",3,2023
"560075","Manhattanville","13054","Skyline",3,2023
"559914","Merchant Marine","13054","Skyline",3,2023
"559841","Mt. St. Mary (NY)","13054","Skyline",3,2023
"559760","Old Westbury","13054","Skyline",3,2023
"559895","Purchase","13054","Skyline",3,2023
"559747","SUNY Maritime","13054","Skyline",3,2023
"560118","Sarah Lawrence","13054","Skyline",3,2023
"560110","St. Joseph's (Brkln)","13054","Skyline",3,2023
"559831","St. Joseph's (L.I.)","13054","Skyline",3,2023
"560096","UMSV","13054","Skyline",3,2023
"559956","Yeshiva","13054","Skyline",3,2023
"560156","Brandeis","1471","UAA",3,2023
"559907","CWRU","1471","UAA",3,2023
"559904","Carnegie Mellon","1471","UAA",3,2023
"560023","Emory","1471","UAA",3,2023
"559748","NYU","1471","UAA",3,2023
"559783","Rochester (NY)","1471","UAA",3,2023
"559995","UChicago","1471","UAA",3,2023
"559924","WashU","1471","UAA",3,2023
"560099","Bethany Lutheran","30115","UMAC",3,2023
"559899","Crown (MN)","30115","UMAC",3,2023
"559855","Martin Luther","30115","UMAC",3,2023
"559823","Minn.-Morris","30115","UMAC",3,2023
"560100","North Central (MN)","30115","UMAC",3,2023
"559826","Northland","30115","UMAC",3,2023
"559896","Northwestern-St. Paul","30115","UMAC",3,2023
"559950","Wis.-Superior","30115","UMAC",3,2023
"560131","Brevard","842","USA South",3,2023
"560034","Greensboro","842","USA South",3,2023
"560077","Mary Baldwin","842","USA South",3,2023
"560086","Meredith","842","USA South",3,2023
"560088","Methodist","842","USA South",3,2023
"559752","N.C. Wesleyan","842","USA South",3,2023
"560127","Pfeiffer","842","USA South",3,2023
"560102","Salem (NC)","842","USA South",3,2023
"560119","Southern Va.","842","USA South",3,2023
"559876","William Peace","842","USA South",3,2023
"560125","Bryn Athyn","30071","United East",3,2023
"559828","Cairn","30071","United East",3,2023
"559873","Cedar Crest","30071","United East",3,2023
"559961","Clarks Summit","30071","United East",3,2023
"560030","Gallaudet","30071","United East",3,2023
"560105","Keystone","30071","United East",3,2023
"560114","Lancaster Bible","30071","United East",3,2023
"559856","Notre Dame (MD)","30071","United East",3,2023
"560126","Penn College","30071","United East",3,2023
"560111","Penn St. Harrisburg","30071","United East",3,2023
"560116","Penn St.-Abington","30071","United East",3,2023
"560104","Penn St.-Berks","30071","United East",3,2023
"559874","Rosemont","30071","United East",3,2023
"559864","Saint Elizabeth","30071","United East",3,2023
"559794","St. Mary's (MD)","30071","United East",3,2023
"560121","Valley Forge","30071","United East",3,2023
"559872","Wilson","30071","United East",3,2023
"559947","UW-River Falls","1473","WIAC",3,2023
"559943","Wis.-Eau Claire","1473","WIAC",3,2023
"559944","Wis.-La Crosse","1473","WIAC",3,2023
"559945","Wis.-Oshkosh","1473","WIAC",3,2023
"559946","Wis.-Platteville","1473","WIAC",3,2023
"559948","Wis.-Stevens Point","1473","WIAC",3,2023
"559949","Wis.-Stout","1473","WIAC",3,2023
"559951","Wis.-Whitewater","1473","WIAC",3,2023
"586125","Alfred St.","30022","AMCC",3,2024
"593680","Carlow","30022","AMCC",3,2024
"585855","Hilbert","30022","AMCC",3,2024
"585987","La Roche","30022","AMCC",3,2024
"585903","Mount Aloysius","30022","AMCC",3,2024
"585894","Penn St.-Altoona","30022","AMCC",3,2024
"585772","Penn St.-Behrend","30022","AMCC",3,2024
"585835","Pitt.-Bradford","30022","AMCC",3,2024
"585875","Pitt.-Greensburg","30022","AMCC",3,2024
"585973","East Tex. Baptist","14825","ASC",3,2024
"586043","Hardin-Simmons","14825","ASC",3,2024
"585851","Howard Payne","14825","ASC",3,2024
"585858","LeTourneau","14825","ASC",3,2024
"585828","Mary Hardin-Baylor","14825","ASC",3,2024
"586165","Buena Vista","864","American Rivers",3,2024
"585994","Central (IA)","864","American Rivers",3,2024
"586003","Coe","864","American Rivers",3,2024
"586017","Dubuque","864","American Rivers",3,2024
"586072","Loras","864","American Rivers",3,2024
"586073","Luther","864","American Rivers",3,2024
"585751","Neb. Wesleyan","864","American Rivers",3,2024
"585811","Simpson","864","American Rivers",3,2024
"585923","Wartburg","864","American Rivers",3,2024
"585877","Centenary (NJ)","30233","Atlantic East",3,2024
"585876","Gwynedd Mercy","30233","Atlantic East",3,2024
"586054","Immaculata","30233","Atlantic East",3,2024
"586082","Marymount (VA)","30233","Atlantic East",3,2024
"586084","Marywood","30233","Atlantic East",3,2024
"585830","Neumann","30233","Atlantic East",3,2024
"585996","Pratt","30233","Atlantic East",3,2024
"585999","Chris. Newport","15810","C2C",3,2024
"586081","Mary Washington","15810","C2C",3,2024
"585901","Mount Mary","15810","C2C",3,2024
"585806","Salisbury","15810","C2C",3,2024
"585747","UC Santa Cruz","15810","C2C",3,2024
"585933","Warren Wilson","15810","C2C",3,2024
"586147","Augustana (IL)","836","CCIW",3,2024
"585908","Carroll (WI)","836","CCIW",3,2024
"585909","Carthage","836","CCIW",3,2024
"586022","Elmhurst","836","CCIW",3,2024
"586053","Ill. Wesleyan","836","CCIW",3,2024
"586093","Millikin","836","CCIW",3,2024
"585759","North Central (IL)","836","CCIW",3,2024
"585760","North Park","836","CCIW",3,2024
"585938","Wheaton (IL)","836","CCIW",3,2024
"585873","Agnes Scott","30251","CCS",3,2024
"585853","Asbury","30251","CCS",3,2024
"586133","Belhaven","30251","CCS",3,2024
"586118","Covenant","30251","CCS",3,2024
"585982","Huntingdon","30251","CCS",3,2024
"585986","LaGrange","30251","CCS",3,2024
"586083","Maryville (TN)","30251","CCS",3,2024
"585885","Piedmont","30251","CCS",3,2024
"585991","Wesleyan (GA)","30251","CCS",3,2024
"586012","Curry","839","CNE",3,2024
"585868","Endicott","839","CNE",3,2024
"585977","Gordon","839","CNE",3,2024
"586171","Hartford","839","CNE",3,2024
"585756","Nichols","839","CNE",3,2024
"585791","Roger Williams","839","CNE",3,2024
"585820","Suffolk","839","CNE",3,2024
"585831","U New England","839","CNE",3,2024
"585931","Wentworth","839","CNE",3,2024
"585936","Western New Eng.","839","CNE",3,2024
"586154","Baruch","834","CUNYAC",3,2024
"586163","Brooklyn","834","CUNYAC",3,2024
"585755","CCNY","834","CUNYAC",3,2024
"586050","Hunter","834","CUNYAC",3,2024
"586058","John Jay","834","CUNYAC",3,2024
"586046","Lehman","834","CUNYAC",3,2024
"586088","Medgar Evers","834","CUNYAC",3,2024
"585850","York (NY)","834","CUNYAC",3,2024
"586164","Bryn Mawr","9683","Centennial",3,2024
"586016","Dickinson","9683","Centennial",3,2024
"586031","Franklin & Marshall","9683","Centennial",3,2024
"586035","Gettysburg","9683","Centennial",3,2024
"585989","Haverford","9683","Centennial",3,2024
"586059","Johns Hopkins","9683","Centennial",3,2024
"585935","McDaniel","9683","Centennial",3,2024
"586101","Muhlenberg","9683","Centennial",3,2024
"585822","Swarthmore","9683","Centennial",3,2024
"585919","Ursinus","9683","Centennial",3,2024
"585926","Washington Col.","9683","Centennial",3,2024
"585826","Maranatha Baptist","99020","DIII Independent",3,2024
"585891","Trinity Washington","99020","DIII Independent",3,2024
"586138","Alfred","863","Empire 8",3,2024
"586023","Elmira","863","Empire 8",3,2024
"586044","Hartwick","863","Empire 8",3,2024
"586120","Houghton","863","Empire 8",3,2024
"585985","Keuka","863","Empire 8",3,2024
"585750","Nazareth","863","Empire 8",3,2024
"585872","Russell Sage","863","Empire 8",3,2024
"586162","SUNY Brockport","863","Empire 8",3,2024
"586034","SUNY Geneseo","863","Empire 8",3,2024
"585869","SUNY Poly","863","Empire 8",3,2024
"585797","St. John Fisher","863","Empire 8",3,2024
"585920","Utica","863","Empire 8",3,2024
"585854","Albertus Magnus","23257","Great Northeast",3,2024
"586145","Anna Maria","23257","Great Northeast",3,2024
"586005","Colby-Sawyer","23257","Great Northeast",3,2024
"585992","Dean","23257","Great Northeast",3,2024
"585771","Elms","23257","Great Northeast",3,2024
"586025","Emmanuel (MA)","23257","Great Northeast",3,2024
"585888","JWU (Providence)","23257","Great Northeast",3,2024
"585857","Lasell","23257","Great Northeast",3,2024
"586106","Mitchell","23257","Great Northeast",3,2024
"586131","New England Col.","23257","Great Northeast",3,2024
"585761","Norwich","23257","Great Northeast",3,2024
"585783","Regis (MA)","23257","Great Northeast",3,2024
"585883","Rivier","23257","Great Northeast",3,2024
"585863","Saint Joseph (CT)","23257","Great Northeast",3,2024
"585810","Simmons","23257","Great Northeast",3,2024
"585798","St. Joseph's (ME)","23257","Great Northeast",3,2024
"585963","Anderson (IN)","9174","HCAC",3,2024
"586126","Berea","9174","HCAC",3,2024
"585969","Bluffton","9174","HCAC",3,2024
"586018","Earlham","9174","HCAC",3,2024
"585848","Franklin","9174","HCAC",3,2024
"585980","Hanover","9174","HCAC",3,2024
"585825","Manchester","9174","HCAC",3,2024
"585860","Mt. St. Joseph","9174","HCAC",3,2024
"585792","Rose-Hulman","9174","HCAC",3,2024
"585898","Transylvania","9174","HCAC",3,2024
"585912","Catholic","30101","Landmark",3,2024
"586144","Drew","30101","Landmark",3,2024
"586021","Elizabethtown","30101","Landmark",3,2024
"585846","Goucher","30101","Landmark",3,2024
"586061","Juniata","30101","Landmark",3,2024
"586074","Lycoming","30101","Landmark",3,2024
"586097","Moravian","30101","Landmark",3,2024
"585808","Scranton","30101","Landmark",3,2024
"585821","Susquehanna","30101","Landmark",3,2024
"585943","Wilkes","30101","Landmark",3,2024
"585966","Bard","24197","Liberty League",3,2024
"586002","Clarkson","24197","Liberty League",3,2024
"586055","Ithaca","24197","Liberty League",3,2024
"585788","RIT","24197","Liberty League",3,2024
"585812","Skidmore","24197","Liberty League",3,2024
"585799","St. Lawrence","24197","Liberty League",3,2024
"585918","Union (NY)","24197","Liberty League",3,2024
"585921","Vassar","24197","Liberty League",3,2024
"586169","William Smith","24197","Liberty League",3,2024
"586019","Eastern Conn. St.","867","Little East",3,2024
"586064","Keene St.","867","Little East",3,2024
"585774","Plymouth St.","867","Little East",3,2024
"585784","Rhode Island Col.","867","Little East",3,2024
"585816","Southern Me.","867","Little East",3,2024
"586087","UMass Boston","867","Little East",3,2024
"585815","UMass Dartmouth","867","Little East",3,2024
"585911","VTSU Castleton","867","Little East",3,2024
"585934","WestConn","867","Little East",3,2024
"586137","Albright","28744","MAC Commonwealth",3,2024
"585962","Alvernia","28744","MAC Commonwealth",3,2024
"585867","Eastern","28744","MAC Commonwealth",3,2024
"585856","Hood","28744","MAC Commonwealth",3,2024
"586090","Messiah","28744","MAC Commonwealth",3,2024
"585886","Stevenson","28744","MAC Commonwealth",3,2024
"585942","Widener","28744","MAC Commonwealth",3,2024
"585961","York (PA)","28744","MAC Commonwealth",3,2024
"585967","Arcadia","28745","MAC Freedom",3,2024
"586140","DeSales","28745","MAC Freedom",3,2024
"586014","Delaware Valley","28745","MAC Freedom",3,2024
"586028","FDU-Florham","28745","MAC Freedom",3,2024
"586066","King's (PA)","28745","MAC Freedom",3,2024
"586071","Lebanon Valley","28745","MAC Freedom",3,2024
"585881","Misericordia","28745","MAC Freedom",3,2024
"585818","Stevens","28745","MAC Freedom",3,2024
"586161","Bridgewater St.","870","MASCAC",3,2024
"586132","Fitchburg St.","870","MASCAC",3,2024
"586030","Framingham St.","870","MASCAC",3,2024
"585757","MCLA","870","MASCAC",3,2024
"586086","Mass. Maritime","870","MASCAC",3,2024
"585805","Salem St.","870","MASCAC",3,2024
"585937","Westfield St.","870","MASCAC",3,2024
"585959","Worcester St.","870","MASCAC",3,2024
"586146","Augsburg","882","MIAC",3,2024
"586156","Bethel (MN)","882","MIAC",3,2024
"585906","Carleton","882","MIAC",3,2024
"586008","Concordia-M'head","882","MIAC",3,2024
"586040","Gustavus Adolphus","882","MIAC",3,2024
"586042","Hamline","882","MIAC",3,2024
"586076","Macalester","882","MIAC",3,2024
"585795","Saint Benedict","882","MIAC",3,2024
"585801","Saint Mary's (MN)","882","MIAC",3,2024
"585796","St. Catherine","882","MIAC",3,2024
"585803","St. Olaf","882","MIAC",3,2024
"585804","St. Scholastica","882","MIAC",3,2024
"586153","Beloit","23119","MWC",3,2024
"586010","Cornell College","23119","MWC",3,2024
"586038","Grinnell","23119","MWC",3,2024
"586052","Illinois Col.","23119","MWC",3,2024
"586067","Knox","23119","MWC",3,2024
"586069","Lake Forest","23119","MWC",3,2024
"586070","Lawrence","23119","MWC",3,2024
"586095","Monmouth (IL)","23119","MWC",3,2024
"585786","Ripon","23119","MWC",3,2024
"586135","Adrian","873","Michigan Intercol. Ath. Assn.",3,2024
"586136","Albion","873","Michigan Intercol. Ath. Assn.",3,2024
"586141","Alma","873","Michigan Intercol. Ath. Assn.",3,2024
"585748","Calvin","873","Michigan Intercol. Ath. Assn.",3,2024
"586049","Hope","873","Michigan Intercol. Ath. Assn.",3,2024
"586062","Kalamazoo","873","Michigan Intercol. Ath. Assn.",3,2024
"585767","Olivet","873","Michigan Intercol. Ath. Assn.",3,2024
"585864","St. Mary's (IN)","873","Michigan Intercol. Ath. Assn.",3,2024
"585904","Trine","873","Michigan Intercol. Ath. Assn.",3,2024
"585897","Alverno","30097","NACC",3,2024
"586148","Aurora","30097","NACC",3,2024
"586051","Benedictine (IL)","30097","NACC",3,2024
"586007","Concordia Chicago","30097","NACC",3,2024
"585970","Concordia Wisconsin","30097","NACC",3,2024
"585836","Dominican (IL)","30097","NACC",3,2024
"585975","Edgewood","30097","NACC",3,2024
"586127","Illinois Tech","30097","NACC",3,2024
"585988","Lakeland","30097","NACC",3,2024
"585884","MSOE","30097","NACC",3,2024
"585827","Marian (WI)","30097","NACC",3,2024
"585790","Rockford","30097","NACC",3,2024
"585802","St. Norbert","30097","NACC",3,2024
"585866","Wis. Lutheran","30097","NACC",3,2024
"586013","DePauw","897","NCAC",3,2024
"586015","Denison","897","NCAC",3,2024
"586047","Hiram","897","NCAC",3,2024
"586065","Kenyon","897","NCAC",3,2024
"585762","Oberlin","897","NCAC",3,2024
"585765","Ohio Wesleyan","897","NCAC",3,2024
"585956","Wittenberg","897","NCAC",3,2024
"585957","Wooster","897","NCAC",3,2024
"586142","Amherst","12817","NESCAC",3,2024
"586152","Bates","12817","NESCAC",3,2024
"586158","Bowdoin","12817","NESCAC",3,2024
"586004","Colby","12817","NESCAC",3,2024
"586009","Connecticut Col.","12817","NESCAC",3,2024
"586041","Hamilton","12817","NESCAC",3,2024
"586092","Middlebury","12817","NESCAC",3,2024
"585913","Trinity (CT)","12817","NESCAC",3,2024
"585915","Tufts","12817","NESCAC",3,2024
"585932","Wesleyan (CT)","12817","NESCAC",3,2024
"585946","Williams","12817","NESCAC",3,2024
"586150","Babson","890","NEWMAC",3,2024
"586001","Clark (MA)","890","NEWMAC",3,2024
"585916","Coast Guard","890","NEWMAC",3,2024
"586024","Emerson","890","NEWMAC",3,2024
"586085","MIT","890","NEWMAC",3,2024
"586098","Mount Holyoke","890","NEWMAC",3,2024
"585807","Salve Regina","890","NEWMAC",3,2024
"585813","Smith","890","NEWMAC",3,2024
"585817","Springfield","890","NEWMAC",3,2024
"585958","WPI","890","NEWMAC",3,2024
"585929","Wellesley","890","NEWMAC",3,2024
"585939","Wheaton (MA)","890","NEWMAC",3,2024
"586063","Kean","891","NJAC",3,2024
"586096","Montclair St.","891","NJAC",3,2024
"586056","New Jersey City","891","NJAC",3,2024
"585779","Ramapo","891","NJAC",3,2024
"586036","Rowan","891","NJAC",3,2024
"585793","Rutgers-Camden","891","NJAC",3,2024
"585794","Rutgers-Newark","891","NJAC",3,2024
"585819","Stockton","891","NJAC",3,2024
"585945","Wm. Paterson","891","NJAC",3,2024
"585976","George Fox","25300","NWC",3,2024
"585887","Lewis & Clark","25300","NWC",3,2024
"585824","Linfield","25300","NWC",3,2024
"585852","Pacific (OR)","25300","NWC",3,2024
"585833","Pacific Lutheran","25300","NWC",3,2024
"585778","Puget Sound","25300","NWC",3,2024
"585940","Whitman","25300","NWC",3,2024
"585844","Whitworth","25300","NWC",3,2024
"585944","Willamette","25300","NWC",3,2024
"585983","Husson","30026","North Atlantic",3,2024
"585892","Lesley","30026","North Atlantic",3,2024
"586077","Maine Maritime","30026","North Atlantic",3,2024
"586104","Me.-Presque Isle","30026","North Atlantic",3,2024
"586115","SUNY Cobleskill","30026","North Atlantic",3,2024
"585990","SUNY Delhi","30026","North Atlantic",3,2024
"593677","Thomas (ME)","30026","North Atlantic",3,2024
"586110","VTSU Lyndon","30026","North Atlantic",3,2024
"586060","VTSU-Johnson","30026","North Atlantic",3,2024
"586151","Baldwin Wallace","901","OAC",3,2024
"585905","Capital","901","OAC",3,2024
"586045","Heidelberg","901","OAC",3,2024
"586057","John Carroll","901","OAC",3,2024
"586079","Marietta","901","OAC",3,2024
"586100","Mount Union","901","OAC",3,2024
"585749","Muskingum","901","OAC",3,2024
"585764","Ohio Northern","901","OAC",3,2024
"585770","Otterbein","901","OAC",3,2024
"585845","Wilmington (OH)","901","OAC",3,2024
"586149","Averett","903","ODAC",3,2024
"586160","Bridgewater (VA)","903","ODAC",3,2024
"586020","East. Mennonite","903","ODAC",3,2024
"586029","Ferrum","903","ODAC",3,2024
"585979","Guilford","903","ODAC",3,2024
"586048","Hollins","903","ODAC",3,2024
"586075","Lynchburg","903","ODAC",3,2024
"585781","Randolph","903","ODAC",3,2024
"585780","Randolph-Macon","903","ODAC",3,2024
"585787","Roanoke","903","ODAC",3,2024
"585809","Shenandoah","903","ODAC",3,2024
"585922","Va. Wesleyan","903","ODAC",3,2024
"585925","Wash. & Lee","903","ODAC",3,2024
"586139","Allegheny","907","PAC",3,2024
"586155","Bethany (WV)","907","PAC",3,2024
"585871","Chatham","907","PAC",3,2024
"586112","Franciscan","907","PAC",3,2024
"586116","Geneva","907","PAC",3,2024
"586039","Grove City","907","PAC",3,2024
"586109","Saint Vincent","907","PAC",3,2024
"585823","Thiel","907","PAC",3,2024
"585924","Wash. & Jeff.","907","PAC",3,2024
"585841","Waynesburg","907","PAC",3,2024
"585843","Westminster (PA)","907","PAC",3,2024
"585968","Berry","30169","SAA",3,2024
"585995","Centre","30169","SAA",3,2024
"585981","Hendrix","30169","SAA",3,2024
"586094","Millsaps","30169","SAA",3,2024
"585849","Oglethorpe","30169","SAA",3,2024
"585785","Rhodes","30169","SAA",3,2024
"585814","Sewanee","30169","SAA",3,2024
"585964","Austin","835","SCAC",3,2024
"585993","Centenary (LA)","835","SCAC",3,2024
"586006","Colorado Col.","835","SCAC",3,2024
"585893","Concordia (TX)","835","SCAC",3,2024
"585971","Dallas","835","SCAC",3,2024
"585859","McMurry","835","SCAC",3,2024
"585838","Schreiner","835","SCAC",3,2024
"585865","Southwestern (TX)","835","SCAC",3,2024
"585984","St. Thomas (TX)","835","SCAC",3,2024
"585840","Texas Lutheran","835","SCAC",3,2024
"585914","Trinity (TX)","835","SCAC",3,2024
"586168","Cal Lutheran","910","SCIAC",3,2024
"586167","Caltech","910","SCIAC",3,2024
"585997","Chapman","910","SCIAC",3,2024
"586000","Claremont-M-S","910","SCIAC",3,2024
"586068","La Verne","910","SCIAC",3,2024
"585763","Occidental","910","SCIAC",3,2024
"585775","Pomona-Pitzer","910","SCIAC",3,2024
"585782","Redlands","910","SCIAC",3,2024
"585941","Whittier","910","SCIAC",3,2024
"586157","Blackburn","12974","SLIAC",3,2024
"586027","Eureka","12974","SLIAC",3,2024
"585874","Fontbonne","12974","SLIAC",3,2024
"585978","Greenville","12974","SLIAC",3,2024
"586170","Lyon","12974","SLIAC",3,2024
"586143","MUW","12974","SLIAC",3,2024
"585777","Principia","12974","SLIAC",3,2024
"585890","Spalding","12974","SLIAC",3,2024
"585928","Webster","12974","SLIAC",3,2024
"585842","Westminster (MO)","12974","SLIAC",3,2024
"586166","Buffalo St.","917","SUNYAC",3,2024
"586011","Cortland","917","SUNYAC",3,2024
"586032","Fredonia","917","SUNYAC",3,2024
"585769","Oswego St.","917","SUNYAC",3,2024
"585773","Plattsburgh St.","917","SUNYAC",3,2024
"586123","SUNY Canton","917","SUNYAC",3,2024
"586111","SUNY Morrisville","917","SUNYAC",3,2024
"585752","SUNY New Paltz","917","SUNYAC",3,2024
"585768","SUNY Oneonta","917","SUNYAC",3,2024
"585776","SUNY Potsdam","917","SUNYAC",3,2024
"585895","Farmingdale St.","13054","Skyline",3,2024
"586078","Manhattanville","13054","Skyline",3,2024
"585917","Merchant Marine","13054","Skyline",3,2024
"585847","Mt. St. Mary (NY)","13054","Skyline",3,2024
"585766","Old Westbury","13054","Skyline",3,2024
"585899","Purchase","13054","Skyline",3,2024
"585753","SUNY Maritime","13054","Skyline",3,2024
"586121","Sarah Lawrence","13054","Skyline",3,2024
"586113","St. Joseph's (Brkln)","13054","Skyline",3,2024
"585837","St. Joseph's (L.I.)","13054","Skyline",3,2024
"586099","UMSV","13054","Skyline",3,2024
"585960","Yeshiva","13054","Skyline",3,2024
"586159","Brandeis","1471","UAA",3,2024
"585910","CWRU","1471","UAA",3,2024
"585907","Carnegie Mellon","1471","UAA",3,2024
"586026","Emory","1471","UAA",3,2024
"585754","NYU","1471","UAA",3,2024
"585789","Rochester (NY)","1471","UAA",3,2024
"585998","UChicago","1471","UAA",3,2024
"585927","WashU","1471","UAA",3,2024
"586102","Bethany Lutheran","30115","UMAC",3,2024
"585902","Crown (MN)","30115","UMAC",3,2024
"585861","Martin Luther","30115","UMAC",3,2024
"585829","Minn.-Morris","30115","UMAC",3,2024
"586103","North Central (MN)","30115","UMAC",3,2024
"585832","Northland","30115","UMAC",3,2024
"585900","Northwestern-St. Paul","30115","UMAC",3,2024
"585954","Wis.-Superior","30115","UMAC",3,2024
"586134","Brevard","842","USA South",3,2024
"586037","Greensboro","842","USA South",3,2024
"586080","Mary Baldwin","842","USA South",3,2024
"586089","Meredith","842","USA South",3,2024
"586091","Methodist","842","USA South",3,2024
"585758","N.C. Wesleyan","842","USA South",3,2024
"586130","Pfeiffer","842","USA South",3,2024
"586105","Salem (NC)","842","USA South",3,2024
"586122","Southern Va.","842","USA South",3,2024
"585882","William Peace","842","USA South",3,2024
"586128","Bryn Athyn","30071","United East",3,2024
"585834","Cairn","30071","United East",3,2024
"585879","Cedar Crest","30071","United East",3,2024
"586033","Gallaudet","30071","United East",3,2024
"586108","Keystone","30071","United East",3,2024
"586117","Lancaster Bible","30071","United East",3,2024
"585862","Notre Dame (MD)","30071","United East",3,2024
"586129","Penn College","30071","United East",3,2024
"593679","Penn St. Brandywine","30071","United East",3,2024
"586114","Penn St. Harrisburg","30071","United East",3,2024
"586119","Penn St.-Abington","30071","United East",3,2024
"586107","Penn St.-Berks","30071","United East",3,2024
"585880","Rosemont","30071","United East",3,2024
"585870","Saint Elizabeth","30071","United East",3,2024
"585800","St. Mary's (MD)","30071","United East",3,2024
"586124","Valley Forge","30071","United East",3,2024
"585878","Wilson","30071","United East",3,2024
"585951","UW-River Falls","1473","WIAC",3,2024
"585947","Wis.-Eau Claire","1473","WIAC",3,2024
"585948","Wis.-La Crosse","1473","WIAC",3,2024
"585949","Wis.-Oshkosh","1473","WIAC",3,2024
"585950","Wis.-Platteville","1473","WIAC",3,2024
"585952","Wis.-Stevens Point","1473","WIAC",3,2024
"585953","Wis.-Stout","1473","WIAC",3,2024
"585955","Wis.-Whitewater","1473","WIAC",3,2024
"605418","Alfred St.","30022","AMCC",3,2025
"605748","Carlow","30022","AMCC",3,2025
"605562","Hilbert","30022","AMCC",3,2025
"605675","La Roche","30022","AMCC",3,2025
"605603","Mount Aloysius","30022","AMCC",3,2025
"605769","Penn St.-Altoona","30022","AMCC",3,2025
"605486","Penn St.-Behrend","30022","AMCC",3,2025
"605544","Pitt.-Bradford","30022","AMCC",3,2025
"605580","Pitt.-Greensburg","30022","AMCC",3,2025
"605777","East Tex. Baptist","14825","ASC",3,2025
"605725","Hardin-Simmons","14825","ASC",3,2025
"605558","Howard Payne","14825","ASC",3,2025
"605537","Mary Hardin-Baylor","14825","ASC",3,2025
"605456","Buena Vista","864","American Rivers",3,2025
"605682","Central (IA)","864","American Rivers",3,2025
"605690","Coe","864","American Rivers",3,2025
"605783","Dubuque","864","American Rivers",3,2025
"605372","Loras","864","American Rivers",3,2025
"605373","Luther","864","American Rivers",3,2025
"605467","Neb. Wesleyan","864","American Rivers",3,2025
"605523","Simpson","864","American Rivers",3,2025
"605622","Wartburg","864","American Rivers",3,2025
"605582","Centenary (NJ)","30233","Atlantic East",3,2025
"605581","Gwynedd Mercy","30233","Atlantic East",3,2025
"605734","Immaculata","30233","Atlantic East",3,2025
"605752","Marymount (VA)","30233","Atlantic East",3,2025
"605381","Marywood","30233","Atlantic East",3,2025
"605539","Neumann","30233","Atlantic East",3,2025
"605684","Pratt","30233","Atlantic East",3,2025
"605575","Saint Elizabeth","30233","Atlantic East",3,2025
"605780","Chris. Newport","15810","C2C",3,2025
"613530","JWU Charlotte","15810","C2C",3,2025
"605379","Mary Washington","15810","C2C",3,2025
"605601","Mount Mary","15810","C2C",3,2025
"613531","Regent","15810","C2C",3,2025
"605518","Salisbury","15810","C2C",3,2025
"605463","UC Santa Cruz","15810","C2C",3,2025
"605630","Warren Wilson","15810","C2C",3,2025
"605439","Augustana (IL)","836","CCIW",3,2025
"605608","Carroll (WI)","836","CCIW",3,2025
"605609","Carthage","836","CCIW",3,2025
"605706","Elmhurst","836","CCIW",3,2025
"605787","Ill. Wesleyan","836","CCIW",3,2025
"605388","Millikin","836","CCIW",3,2025
"605475","North Central (IL)","836","CCIW",3,2025
"605476","North Park","836","CCIW",3,2025
"605635","Wheaton (IL)","836","CCIW",3,2025
"605578","Agnes Scott","30251","CCS",3,2025
"605560","Asbury","30251","CCS",3,2025
"605426","Belhaven","30251","CCS",3,2025
"605755","Covenant","30251","CCS",3,2025
"605670","Huntingdon","30251","CCS",3,2025
"605674","LaGrange","30251","CCS",3,2025
"605380","Maryville (TN)","30251","CCS",3,2025
"605590","Piedmont","30251","CCS",3,2025
"605679","Wesleyan (GA)","30251","CCS",3,2025
"605697","Curry","839","CNE",3,2025
"605768","Endicott","839","CNE",3,2025
"605666","Gordon","839","CNE",3,2025
"605462","Hartford","839","CNE",3,2025
"605593","JWU (Providence)","839","CNE",3,2025
"605472","Nichols","839","CNE",3,2025
"605505","Roger Williams","839","CNE",3,2025
"605529","Suffolk","839","CNE",3,2025
"605540","U New England","839","CNE",3,2025
"605628","Wentworth","839","CNE",3,2025
"605633","Western New Eng.","839","CNE",3,2025
"605446","Baruch","834","CUNYAC",3,2025
"605454","Brooklyn","834","CUNYAC",3,2025
"605471","CCNY","834","CUNYAC",3,2025
"605731","Hunter","834","CUNYAC",3,2025
"605789","John Jay","834","CUNYAC",3,2025
"605728","Lehman","834","CUNYAC",3,2025
"605385","Medgar Evers","834","CUNYAC",3,2025
"605557","York (NY)","834","CUNYAC",3,2025
"605455","Bryn Mawr","9683","Centennial",3,2025
"605701","Dickinson","9683","Centennial",3,2025
"605714","Franklin & Marshall","9683","Centennial",3,2025
"605717","Gettysburg","9683","Centennial",3,2025
"605677","Haverford","9683","Centennial",3,2025
"605790","Johns Hopkins","9683","Centennial",3,2025
"605632","McDaniel","9683","Centennial",3,2025
"605396","Muhlenberg","9683","Centennial",3,2025
"605531","Swarthmore","9683","Centennial",3,2025
"605618","Ursinus","9683","Centennial",3,2025
"605624","Washington Col.","9683","Centennial",3,2025
"605535","Maranatha Baptist","99020","DIII Independent",3,2025
"612071","Sweet Briar","99020","DIII Independent",3,2025
"605595","Trinity Washington","99020","DIII Independent",3,2025
"605431","Alfred","863","Empire 8",3,2025
"605707","Elmira","863","Empire 8",3,2025
"605726","Hartwick","863","Empire 8",3,2025
"605414","Houghton","863","Empire 8",3,2025
"605673","Keuka","863","Empire 8",3,2025
"605466","Nazareth","863","Empire 8",3,2025
"605577","Russell Sage","863","Empire 8",3,2025
"605453","SUNY Brockport","863","Empire 8",3,2025
"605716","SUNY Geneseo","863","Empire 8",3,2025
"605574","SUNY Poly","863","Empire 8",3,2025
"605762","St. John Fisher","863","Empire 8",3,2025
"605619","Utica","863","Empire 8",3,2025
"605561","Albertus Magnus","23257","Great Northeast",3,2025
"605692","Colby-Sawyer","23257","Great Northeast",3,2025
"605680","Dean","23257","Great Northeast",3,2025
"605485","Elms","23257","Great Northeast",3,2025
"605709","Emmanuel (MA)","23257","Great Northeast",3,2025
"605767","Lasell","23257","Great Northeast",3,2025
"605401","Mitchell","23257","Great Northeast",3,2025
"605424","New England Col.","23257","Great Northeast",3,2025
"605477","Norwich","23257","Great Northeast",3,2025
"605497","Regis (MA)","23257","Great Northeast",3,2025
"605588","Rivier","23257","Great Northeast",3,2025
"605569","Saint Joseph (CT)","23257","Great Northeast",3,2025
"605522","Simmons","23257","Great Northeast",3,2025
"605510","St. Joseph's (ME)","23257","Great Northeast",3,2025
"605658","Anderson (IN)","9174","HCAC",3,2025
"605419","Berea","9174","HCAC",3,2025
"605662","Bluffton","9174","HCAC",3,2025
"605702","Earlham","9174","HCAC",3,2025
"605555","Franklin","9174","HCAC",3,2025
"605668","Hanover","9174","HCAC",3,2025
"605534","Manchester","9174","HCAC",3,2025
"605566","Mt. St. Joseph","9174","HCAC",3,2025
"605506","Rose-Hulman","9174","HCAC",3,2025
"605770","Transylvania","9174","HCAC",3,2025
"605612","Catholic","30101","Landmark",3,2025
"605436","Drew","30101","Landmark",3,2025
"605705","Elizabethtown","30101","Landmark",3,2025
"605553","Goucher","30101","Landmark",3,2025
"605791","Juniata","30101","Landmark",3,2025
"605374","Lycoming","30101","Landmark",3,2025
"605392","Moravian","30101","Landmark",3,2025
"605520","Scranton","30101","Landmark",3,2025
"605530","Susquehanna","30101","Landmark",3,2025
"605640","Wilkes","30101","Landmark",3,2025
"605660","Bard","24197","Liberty League",3,2025
"605689","Clarkson","24197","Liberty League",3,2025
"605788","Ithaca","24197","Liberty League",3,2025
"605502","RIT","24197","Liberty League",3,2025
"605524","Skidmore","24197","Liberty League",3,2025
"605511","St. Lawrence","24197","Liberty League",3,2025
"605617","Union (NY)","24197","Liberty League",3,2025
"605620","Vassar","24197","Liberty League",3,2025
"605460","William Smith","24197","Liberty League",3,2025
"605703","Eastern Conn. St.","867","Little East",3,2025
"605740","Keene St.","867","Little East",3,2025
"605488","Plymouth St.","867","Little East",3,2025
"605498","Rhode Island Col.","867","Little East",3,2025
"605526","Southern Me.","867","Little East",3,2025
"605384","UMass Boston","867","Little East",3,2025
"605764","UMass Dartmouth","867","Little East",3,2025
"605611","VTSU Castleton","867","Little East",3,2025
"605631","WestConn","867","Little East",3,2025
"605430","Albright","28744","MAC Commonwealth",3,2025
"605657","Alvernia","28744","MAC Commonwealth",3,2025
"605573","Eastern","28744","MAC Commonwealth",3,2025
"605563","Hood","28744","MAC Commonwealth",3,2025
"605753","Messiah","28744","MAC Commonwealth",3,2025
"605591","Stevenson","28744","MAC Commonwealth",3,2025
"605639","Widener","28744","MAC Commonwealth",3,2025
"605656","York (PA)","28744","MAC Commonwealth",3,2025
"605661","Arcadia","28745","MAC Freedom",3,2025
"605432","DeSales","28745","MAC Freedom",3,2025
"605699","Delaware Valley","28745","MAC Freedom",3,2025
"605711","FDU-Florham","28745","MAC Freedom",3,2025
"605742","King's (PA)","28745","MAC Freedom",3,2025
"605746","Lebanon Valley","28745","MAC Freedom",3,2025
"605586","Misericordia","28745","MAC Freedom",3,2025
"605765","Stevens","28745","MAC Freedom",3,2025
"605437","Anna Maria","870","MASCAC",3,2025
"605758","Bridgewater St.","870","MASCAC",3,2025
"605425","Fitchburg St.","870","MASCAC",3,2025
"605713","Framingham St.","870","MASCAC",3,2025
"605473","MCLA","870","MASCAC",3,2025
"605383","Mass. Maritime","870","MASCAC",3,2025
"605517","Salem St.","870","MASCAC",3,2025
"605634","Westfield St.","870","MASCAC",3,2025
"605654","Worcester St.","870","MASCAC",3,2025
"605438","Augsburg","882","MIAC",3,2025
"605448","Bethel (MN)","882","MIAC",3,2025
"605606","Carleton","882","MIAC",3,2025
"605695","Concordia-M'head","882","MIAC",3,2025
"605722","Gustavus Adolphus","882","MIAC",3,2025
"605724","Hamline","882","MIAC",3,2025
"605376","Macalester","882","MIAC",3,2025
"605761","Saint Benedict","882","MIAC",3,2025
"605513","Saint Mary's (MN)","882","MIAC",3,2025
"605509","St. Catherine","882","MIAC",3,2025
"605515","St. Olaf","882","MIAC",3,2025
"605516","St. Scholastica","882","MIAC",3,2025
"605445","Beloit","23119","MWC",3,2025
"605781","Cornell College","23119","MWC",3,2025
"605720","Grinnell","23119","MWC",3,2025
"605733","Illinois Col.","23119","MWC",3,2025
"605743","Knox","23119","MWC",3,2025
"605744","Lake Forest","23119","MWC",3,2025
"605745","Lawrence","23119","MWC",3,2025
"605390","Monmouth (IL)","23119","MWC",3,2025
"605500","Ripon","23119","MWC",3,2025
"605428","Adrian","873","Michigan Intercol. Ath. Assn.",3,2025
"605429","Albion","873","Michigan Intercol. Ath. Assn.",3,2025
"605433","Alma","873","Michigan Intercol. Ath. Assn.",3,2025
"605464","Calvin","873","Michigan Intercol. Ath. Assn.",3,2025
"605786","Hope","873","Michigan Intercol. Ath. Assn.",3,2025
"605738","Kalamazoo","873","Michigan Intercol. Ath. Assn.",3,2025
"605482","Olivet","873","Michigan Intercol. Ath. Assn.",3,2025
"605570","St. Mary's (IN)","873","Michigan Intercol. Ath. Assn.",3,2025
"605604","Trine","873","Michigan Intercol. Ath. Assn.",3,2025
"605599","Alverno","30097","NACC",3,2025
"605440","Aurora","30097","NACC",3,2025
"605732","Benedictine (IL)","30097","NACC",3,2025
"605694","Concordia Chicago","30097","NACC",3,2025
"605663","Concordia Wisconsin","30097","NACC",3,2025
"605545","Dominican (IL)","30097","NACC",3,2025
"605778","Edgewood","30097","NACC",3,2025
"605420","Illinois Tech","30097","NACC",3,2025
"605676","Lakeland","30097","NACC",3,2025
"605589","MSOE","30097","NACC",3,2025
"605536","Marian (WI)","30097","NACC",3,2025
"605504","Rockford","30097","NACC",3,2025
"605514","St. Norbert","30097","NACC",3,2025
"605572","Wis. Lutheran","30097","NACC",3,2025
"605698","DePauw","897","NCAC",3,2025
"605700","Denison","897","NCAC",3,2025
"605736","John Carroll","897","NCAC",3,2025
"605741","Kenyon","897","NCAC",3,2025
"605478","Oberlin","897","NCAC",3,2025
"605759","Ohio Wesleyan","897","NCAC",3,2025
"605651","Wittenberg","897","NCAC",3,2025
"605652","Wooster","897","NCAC",3,2025
"605434","Amherst","12817","NESCAC",3,2025
"605444","Bates","12817","NESCAC",3,2025
"605450","Bowdoin","12817","NESCAC",3,2025
"605691","Colby","12817","NESCAC",3,2025
"605696","Connecticut Col.","12817","NESCAC",3,2025
"605723","Hamilton","12817","NESCAC",3,2025
"605754","Middlebury","12817","NESCAC",3,2025
"605613","Trinity (CT)","12817","NESCAC",3,2025
"605614","Tufts","12817","NESCAC",3,2025
"605629","Wesleyan (CT)","12817","NESCAC",3,2025
"605642","Williams","12817","NESCAC",3,2025
"605442","Babson","890","NEWMAC",3,2025
"605688","Clark (MA)","890","NEWMAC",3,2025
"605615","Coast Guard","890","NEWMAC",3,2025
"605708","Emerson","890","NEWMAC",3,2025
"605382","MIT","890","NEWMAC",3,2025
"605393","Mount Holyoke","890","NEWMAC",3,2025
"605519","Salve Regina","890","NEWMAC",3,2025
"605763","Smith","890","NEWMAC",3,2025
"605527","Springfield","890","NEWMAC",3,2025
"605653","WPI","890","NEWMAC",3,2025
"605627","Wellesley","890","NEWMAC",3,2025
"605636","Wheaton (MA)","890","NEWMAC",3,2025
"605739","Kean","891","NJAC",3,2025
"605391","Montclair St.","891","NJAC",3,2025
"605735","New Jersey City","891","NJAC",3,2025
"605493","Ramapo","891","NJAC",3,2025
"605718","Rowan","891","NJAC",3,2025
"605507","Rutgers-Camden","891","NJAC",3,2025
"605508","Rutgers-Newark","891","NJAC",3,2025
"605528","Stockton","891","NJAC",3,2025
"605774","Wm. Paterson","891","NJAC",3,2025
"605665","George Fox","25300","NWC",3,2025
"605592","Lewis & Clark","25300","NWC",3,2025
"605533","Linfield","25300","NWC",3,2025
"605559","Pacific (OR)","25300","NWC",3,2025
"605542","Pacific Lutheran","25300","NWC",3,2025
"605492","Puget Sound","25300","NWC",3,2025
"605637","Whitman","25300","NWC",3,2025
"605766","Whitworth","25300","NWC",3,2025
"605641","Willamette","25300","NWC",3,2025
"605671","Husson","30026","North Atlantic",3,2025
"605596","Lesley","30026","North Atlantic",3,2025
"605750","Maine Maritime","30026","North Atlantic",3,2025
"605399","Me.-Presque Isle","30026","North Atlantic",3,2025
"605410","SUNY Cobleskill","30026","North Atlantic",3,2025
"605678","SUNY Delhi","30026","North Atlantic",3,2025
"605749","Thomas (ME)","30026","North Atlantic",3,2025
"605405","VTSU Lyndon","30026","North Atlantic",3,2025
"605737","VTSU-Johnson","30026","North Atlantic",3,2025
"605443","Baldwin Wallace","901","OAC",3,2025
"605605","Capital","901","OAC",3,2025
"605727","Heidelberg","901","OAC",3,2025
"605377","Marietta","901","OAC",3,2025
"605395","Mount Union","901","OAC",3,2025
"605465","Muskingum","901","OAC",3,2025
"605480","Ohio Northern","901","OAC",3,2025
"605760","Otterbein","901","OAC",3,2025
"605552","Wilmington (OH)","901","OAC",3,2025
"605441","Averett","903","ODAC",3,2025
"605452","Bridgewater (VA)","903","ODAC",3,2025
"605704","East. Mennonite","903","ODAC",3,2025
"605667","Guilford","903","ODAC",3,2025
"605730","Hollins","903","ODAC",3,2025
"605375","Lynchburg","903","ODAC",3,2025
"605495","Randolph","903","ODAC",3,2025
"605494","Randolph-Macon","903","ODAC",3,2025
"605501","Roanoke","903","ODAC",3,2025
"605521","Shenandoah","903","ODAC",3,2025
"605621","Va. Wesleyan","903","ODAC",3,2025
"605773","Wash. & Lee","903","ODAC",3,2025
"605757","Allegheny","907","PAC",3,2025
"605447","Bethany (WV)","907","PAC",3,2025
"605576","Chatham","907","PAC",3,2025
"605407","Franciscan","907","PAC",3,2025
"605411","Geneva","907","PAC",3,2025
"605721","Grove City","907","PAC",3,2025
"605729","Hiram","907","PAC",3,2025
"605404","Saint Vincent","907","PAC",3,2025
"605532","Thiel","907","PAC",3,2025
"605623","Wash. & Jeff.","907","PAC",3,2025
"605549","Waynesburg","907","PAC",3,2025
"605551","Westminster (PA)","907","PAC",3,2025
"605776","Berry","30169","SAA",3,2025
"605683","Centre","30169","SAA",3,2025
"605389","Millsaps","30169","SAA",3,2025
"605556","Oglethorpe","30169","SAA",3,2025
"605499","Rhodes","30169","SAA",3,2025
"605525","Sewanee","30169","SAA",3,2025
"605571","Southwestern (TX)","30169","SAA",3,2025
"605772","Trinity (TX)","30169","SAA",3,2025
"605659","Austin","835","SCAC",3,2025
"605681","Centenary (LA)","835","SCAC",3,2025
"605693","Colorado Col.","835","SCAC",3,2025
"605597","Concordia (TX)","835","SCAC",3,2025
"605664","Dallas","835","SCAC",3,2025
"605669","Hendrix","835","SCAC",3,2025
"605564","LeTourneau","835","SCAC",3,2025
"605565","McMurry","835","SCAC",3,2025
"605828","Ozarks (AR)","835","SCAC",3,2025
"605547","Schreiner","835","SCAC",3,2025
"605672","St. Thomas (TX)","835","SCAC",3,2025
"605548","Texas Lutheran","835","SCAC",3,2025
"605459","Cal Lutheran","910","SCIAC",3,2025
"605458","Caltech","910","SCIAC",3,2025
"605685","Chapman","910","SCIAC",3,2025
"605687","Claremont-M-S","910","SCIAC",3,2025
"605792","La Verne","910","SCIAC",3,2025
"605479","Occidental","910","SCIAC",3,2025
"605489","Pomona-Pitzer","910","SCIAC",3,2025
"605496","Redlands","910","SCIAC",3,2025
"605638","Whittier","910","SCIAC",3,2025
"605449","Blackburn","12974","SLIAC",3,2025
"605710","Eureka","12974","SLIAC",3,2025
"605779","Greenville","12974","SLIAC",3,2025
"605461","Lyon","12974","SLIAC",3,2025
"605435","MUW","12974","SLIAC",3,2025
"605491","Principia","12974","SLIAC",3,2025
"605594","Spalding","12974","SLIAC",3,2025
"605626","Webster","12974","SLIAC",3,2025
"605550","Westminster (MO)","12974","SLIAC",3,2025
"605457","Buffalo St.","917","SUNYAC",3,2025
"605782","Cortland","917","SUNYAC",3,2025
"605715","Fredonia","917","SUNYAC",3,2025
"605484","Oswego St.","917","SUNYAC",3,2025
"605487","Plattsburgh St.","917","SUNYAC",3,2025
"605416","SUNY Canton","917","SUNYAC",3,2025
"605406","SUNY Morrisville","917","SUNYAC",3,2025
"605468","SUNY New Paltz","917","SUNYAC",3,2025
"605483","SUNY Oneonta","917","SUNYAC",3,2025
"605490","SUNY Potsdam","917","SUNYAC",3,2025
"605598","Farmingdale St.","13054","Skyline",3,2025
"605751","Manhattanville","13054","Skyline",3,2025
"605616","Merchant Marine","13054","Skyline",3,2025
"605554","Mt. St. Mary (NY)","13054","Skyline",3,2025
"605481","Old Westbury","13054","Skyline",3,2025
"605600","Purchase","13054","Skyline",3,2025
"605469","SUNY Maritime","13054","Skyline",3,2025
"605415","Sarah Lawrence","13054","Skyline",3,2025
"605408","St. Joseph's (Brkln)","13054","Skyline",3,2025
"605546","St. Joseph's (L.I.)","13054","Skyline",3,2025
"605394","UMSV","13054","Skyline",3,2025
"605655","Yeshiva","13054","Skyline",3,2025
"605451","Brandeis","1471","UAA",3,2025
"605610","CWRU","1471","UAA",3,2025
"605607","Carnegie Mellon","1471","UAA",3,2025
"605784","Emory","1471","UAA",3,2025
"605470","NYU","1471","UAA",3,2025
"605503","Rochester (NY)","1471","UAA",3,2025
"605686","UChicago","1471","UAA",3,2025
"605625","WashU","1471","UAA",3,2025
"605397","Bethany Lutheran","30115","UMAC",3,2025
"605602","Crown (MN)","30115","UMAC",3,2025
"605567","Martin Luther","30115","UMAC",3,2025
"605538","Minn.-Morris","30115","UMAC",3,2025
"605398","North Central (MN)","30115","UMAC",3,2025
"605771","Northwestern-St. Paul","30115","UMAC",3,2025
"605650","Wis.-Superior","30115","UMAC",3,2025
"605427","Brevard","842","USA South",3,2025
"605719","Greensboro","842","USA South",3,2025
"605378","Mary Baldwin","842","USA South",3,2025
"605386","Meredith","842","USA South",3,2025
"605387","Methodist","842","USA South",3,2025
"605474","N.C. Wesleyan","842","USA South",3,2025
"605423","Pfeiffer","842","USA South",3,2025
"605400","Salem (NC)","842","USA South",3,2025
"605756","Southern Va.","842","USA South",3,2025
"605587","William Peace","842","USA South",3,2025
"605543","Cairn","30071","United East",3,2025
"605584","Cedar Crest","30071","United East",3,2025
"605785","Gallaudet","30071","United East",3,2025
"605403","Keystone","30071","United East",3,2025
"605412","Lancaster Bible","30071","United East",3,2025
"605568","Notre Dame (MD)","30071","United East",3,2025
"605422","Penn College","30071","United East",3,2025
"605747","Penn St. Brandywine","30071","United East",3,2025
"605409","Penn St. Harrisburg","30071","United East",3,2025
"605413","Penn St.-Abington","30071","United East",3,2025
"605402","Penn St.-Berks","30071","United East",3,2025
"605585","Rosemont","30071","United East",3,2025
"605512","St. Mary's (MD)","30071","United East",3,2025
"605417","Valley Forge","30071","United East",3,2025
"605583","Wilson","30071","United East",3,2025
"605647","UW-River Falls","1473","WIAC",3,2025
"605643","Wis.-Eau Claire","1473","WIAC",3,2025
"605644","Wis.-La Crosse","1473","WIAC",3,2025
"605645","Wis.-Oshkosh","1473","WIAC",3,2025
"605646","Wis.-Platteville","1473","WIAC",3,2025
"605648","Wis.-Stevens Point","1473","WIAC",3,2025
"605649","Wis.-Stout","1473","WIAC",3,2025
"605775","Wis.-Whitewater","1473","WIAC",3,2025
